Time,Latitude,Longitude,Collection,Unit,Operator,Technology,Send Duration,Delivery Duration,Start Time,Receive Time,Transmission Status,Delivery Status,Delivery Notification,Action Type,File Size,Measurement Name,Test Status,Location,uuid,operator,network_type*,wifi_connected_primary_freq_mhz,Location_sigcap,carrier_original
2026-02-26 11:25:58.255000-05:00,41.697984,-86.234509,20260226_preGame_Bowl,QualiPoc_361786,T-Mobile,5G NR,0.354,1.346,2026-02-26 11:25:56.110,,Successful,Successful,Enabled,Send Text,,WhatsApp Send,Completed,Bowl,a0654bd3,Wi-Fi 6,NR,6375.0,Bowl,T-Mobile
2026-02-26 11:26:08.882000-05:00,41.697981,-86.234498,20260226_preGame_Bowl,QualiPoc_361786,T-Mobile,5G NR,1.491,2.423,2026-02-26 11:26:05.789,,Successful,Successful,Enabled,Send Picture,999215.0,WhatsApp Send,Completed,Bowl,a0654bd3,Wi-Fi 6,NR,6375.0,Bowl,T-Mobile
2026-02-26 11:27:16.725000-05:00,41.698059,-86.234443,20260226_preGame_Bowl,QualiPoc_619529,AT&T,LTE,0.303,2.211,2026-02-26 11:27:14.247,,Successful,Successful,Enabled,Send Text,,WhatsApp Send,Completed,Bowl,fbd516f0,AT&T,NR-NSA,,Bowl,AT&T
2026-02-26 11:27:52.932000-05:00,41.698061,-86.234444,20260226_preGame_Bowl,QualiPoc_619529,AT&T,LTE,,,2026-02-26 11:27:23.245,,Failed,Failed,Enabled,Send Picture,999493.0,WhatsApp Send,Failed,Bowl,fbd516f0,AT&T,NR-NSA,,Bowl,AT&T
2026-02-26 11:28:14.755000-05:00,41.697994,-86.234465,20260226_preGame_Bowl,QualiPoc_361786,T-Mobile,5G NR,0.3,0.701,2026-02-26 11:28:13.315,,Successful,Successful,Enabled,Send Text,,WhatsApp Send,Completed,Bowl,a0654bd3,T-Mobile,NR,,Bowl,T-Mobile
2026-02-26 11:28:24.798000-05:00,41.698013,-86.234455,20260226_preGame_Bowl,QualiPoc_361786,T-Mobile,5G NR,1.4,1.456,2026-02-26 11:28:22.588,,Successful,Successful,Enabled,Send Picture,998969.0,WhatsApp Send,Completed,Bowl,a0654bd3,T-Mobile,NR,,Bowl,T-Mobile
2026-02-26 11:31:21.868000-05:00,41.697989,-86.23469,20260226_preGame_Bowl,QualiPoc_361786,T-Mobile,5G NR,0.279,0.873,2026-02-26 11:31:20.345,,Successful,Successful,Enabled,Send Text,,WhatsApp Send,Completed,Bowl,a0654bd3,T-Mobile,NR,,Bowl,T-Mobile
2026-02-26 11:31:32.203000-05:00,41.69799,-86.234698,20260226_preGame_Bowl,QualiPoc_361786,T-Mobile,5G NR,1.446,1.681,2026-02-26 11:31:29.804,,Successful,Successful,Enabled,Send Picture,999537.0,WhatsApp Send,Completed,Bowl,a0654bd3,T-Mobile,NR,,Bowl,T-Mobile
2026-02-26 11:31:37.747000-05:00,41.697977,-86.234462,20260226_preGame_Bowl,QualiPoc_619529,AT&T,LTE,0.282,1.828,2026-02-26 11:31:35.599,,Successful,Successful,Enabled,Send Text,,WhatsApp Send,Completed,Bowl,fbd516f0,AT&T,NR-NSA,,Bowl,AT&T
2026-02-26 11:31:46.923000-05:00,41.697976,-86.234462,20260226_preGame_Bowl,QualiPoc_619529,AT&T,LTE,1.185,2.164,2026-02-26 11:31:44.471,,Successful,Successful,Enabled,Send Picture,998997.0,WhatsApp Send,Completed,Bowl,fbd516f0,AT&T,NR-NSA,,Bowl,AT&T
2026-02-26 11:33:56.696000-05:00,41.697991,-86.234688,20260226_preGame_Bowl,QualiPoc_361786,T-Mobile,5G NR,0.321,0.795,2026-02-26 11:33:54.999,,Successful,Successful,Enabled,Send Text,,WhatsApp Send,Completed,Bowl,a0654bd3,Wi-Fi 6,NR,6355.0,Bowl,T-Mobile
2026-02-26 11:34:07.156000-05:00,41.697991,-86.234689,20260226_preGame_Bowl,QualiPoc_361786,T-Mobile,5G NR,1.473,1.905,2026-02-26 11:34:04.520,,Successful,Successful,Enabled,Send Picture,999348.0,WhatsApp Send,Completed,Bowl,a0654bd3,Wi-Fi 6,NR,6355.0,Bowl,T-Mobile
2026-02-26 11:34:17.557000-05:00,41.697986,-86.23447,20260226_preGame_Bowl,QualiPoc_619529,AT&T,LTE,0.343,2.426,2026-02-26 11:34:14.822,,Successful,Successful,Enabled,Send Text,,WhatsApp Send,Completed,Bowl,fbd516f0,Wi-Fi 6,LTE,5975.0,Bowl,AT&T
2026-02-26 11:34:27.737000-05:00,41.697986,-86.23447,20260226_preGame_Bowl,QualiPoc_619529,AT&T,LTE,1.22,3.231,2026-02-26 11:34:24.223,,Successful,Successful,Enabled,Send Picture,998850.0,WhatsApp Send,Completed,Bowl,fbd516f0,Wi-Fi 6,LTE,5975.0,Bowl,AT&T
2026-02-26 11:34:28.119000-05:00,41.697985,-86.234416,20260226_preGame_Bowl,QualiPoc_396840,Verizon,LTE,0.48,2.374,2026-02-26 11:34:25.125,,Successful,Successful,Enabled,Send Text,,WhatsApp Send,Completed,Bowl,7c36e7df,Wi-Fi 6,LTE,6375.0,Bowl,Verizon
2026-02-26 11:34:37.647000-05:00,41.697986,-86.234417,20260226_preGame_Bowl,QualiPoc_396840,Verizon,LTE,1.082,1.518,2026-02-26 11:34:35.485,,Successful,Successful,Enabled,Send Picture,998985.0,WhatsApp Send,Completed,Bowl,7c36e7df,Wi-Fi 6,LTE,6375.0,Bowl,Verizon
2026-02-26 11:36:26.585000-05:00,41.697985,-86.234463,20260226_preGame_Bowl,QualiPoc_619529,AT&T,LTE,0.307,2.171,2026-02-26 11:36:24.121,,Successful,Successful,Enabled,Send Text,,WhatsApp Send,Completed,Bowl,fbd516f0,AT&T,NR-NSA,,Bowl,AT&T
2026-02-26 11:36:27.105000-05:00,41.698378,-86.234676,20260226_preGame_Bowl,QualiPoc_361786,T-Mobile,5G NR,0.317,1.893,2026-02-26 11:36:24.382,,Successful,Successful,Enabled,Send Text,,WhatsApp Send,Completed,Bowl,a0654bd3,Wi-Fi 6,NR,6355.0,Bowl,T-Mobile
2026-02-26 11:36:36.134000-05:00,41.697985,-86.234462,20260226_preGame_Bowl,QualiPoc_619529,AT&T,LTE,1.288,2.59,2026-02-26 11:36:33.300,,Successful,Successful,Enabled,Send Picture,999296.0,WhatsApp Send,Completed,Bowl,fbd516f0,AT&T,NR-NSA,,Bowl,AT&T
2026-02-26 11:36:37.379000-05:00,41.698378,-86.234674,20260226_preGame_Bowl,QualiPoc_361786,T-Mobile,5G NR,1.38,1.861,2026-02-26 11:36:34.728,,Successful,Successful,Enabled,Send Picture,999015.0,WhatsApp Send,Completed,Bowl,a0654bd3,Wi-Fi 6,NR,6355.0,Bowl,T-Mobile
2026-02-26 11:37:03.249000-05:00,41.697988,-86.23444,20260226_preGame_Bowl,QualiPoc_396840,Verizon,LTE,0.354,1.52,2026-02-26 11:37:01.089,,Successful,Successful,Enabled,Send Text,,WhatsApp Send,Completed,Bowl,7c36e7df,Verizon,NR-NSA,,Bowl,Verizon
2026-02-26 11:37:12.502000-05:00,41.697987,-86.234436,20260226_preGame_Bowl,QualiPoc_396840,Verizon,LTE,1.163,1.283,2026-02-26 11:37:10.640,,Successful,Successful,Enabled,Send Picture,998665.0,WhatsApp Send,Completed,Bowl,7c36e7df,Verizon,NR-NSA,,Bowl,Verizon
2026-02-26 11:38:29.553000-05:00,41.698381,-86.234676,20260226_preGame_Bowl,QualiPoc_361786,T-Mobile,5G NR,0.463,0.586,2026-02-26 11:38:28.096,,Successful,Successful,Enabled,Send Text,,WhatsApp Send,Completed,Bowl,a0654bd3,T-Mobile,NR,,Bowl,T-Mobile
2026-02-26 11:38:39.877000-05:00,41.698388,-86.234678,20260226_preGame_Bowl,QualiPoc_361786,T-Mobile,5G NR,1.624,1.899,2026-02-26 11:38:37.341,,Successful,Successful,Enabled,Send Picture,999067.0,WhatsApp Send,Completed,Bowl,a0654bd3,T-Mobile,NR,,Bowl,T-Mobile
2026-02-26 11:41:12.567000-05:00,41.698387,-86.234434,20260226_preGame_Bowl,QualiPoc_361786,T-Mobile,5G NR,0.288,0.672,2026-02-26 11:41:11.177,,Successful,Successful,Enabled,Send Text,,WhatsApp Send,Completed,Bowl,a0654bd3,T-Mobile,NR,,Bowl,T-Mobile
2026-02-26 11:41:22.267000-05:00,41.698388,-86.23444,20260226_preGame_Bowl,QualiPoc_361786,T-Mobile,5G NR,1.332,1.537,2026-02-26 11:41:20.087,,Successful,Successful,Enabled,Send Picture,999472.0,WhatsApp Send,Completed,Bowl,a0654bd3,T-Mobile,NR,,Bowl,T-Mobile
2026-02-26 11:43:26.230000-05:00,41.698336,-86.234494,20260226_preGame_Bowl,QualiPoc_361786,T-Mobile,5G NR,0.33,2.122,2026-02-26 11:43:23.401,,Successful,Successful,Enabled,Send Text,,WhatsApp Send,Completed,Bowl,a0654bd3,Wi-Fi 6,NR,6675.0,Bowl,T-Mobile
2026-02-26 11:43:36.830000-05:00,41.698348,-86.234492,20260226_preGame_Bowl,QualiPoc_361786,T-Mobile,5G NR,1.384,1.629,2026-02-26 11:43:34.318,,Successful,Successful,Enabled,Send Picture,999031.0,WhatsApp Send,Completed,Bowl,a0654bd3,Wi-Fi 6,NR,6675.0,Bowl,T-Mobile
2026-02-26 11:46:09.812000-05:00,41.697999,-86.234695,20260226_preGame_Bowl,QualiPoc_396840,Verizon,LTE,0.276,2.046,2026-02-26 11:46:07.006,,Successful,Successful,Enabled,Send Text,,WhatsApp Send,Completed,Bowl,7c36e7df,Verizon,NR-NSA,,Bowl,Verizon
2026-02-26 11:46:17.637000-05:00,41.697986,-86.234685,20260226_preGame_Bowl,QualiPoc_619529,AT&T,LTE,0.606,1.768,2026-02-26 11:46:15.592,,Successful,Successful,Enabled,Send Text,,WhatsApp Send,Completed,Bowl,fbd516f0,AT&T,NR-NSA,,Bowl,AT&T
2026-02-26 11:46:19.911000-05:00,41.698002,-86.234694,20260226_preGame_Bowl,QualiPoc_396840,Verizon,LTE,1.169,2.011,2026-02-26 11:46:17.254,,Successful,Successful,Enabled,Send Picture,998928.0,WhatsApp Send,Completed,Bowl,7c36e7df,Verizon,NR-NSA,,Bowl,Verizon
2026-02-26 11:46:27.144000-05:00,41.697985,-86.234685,20260226_preGame_Bowl,QualiPoc_619529,AT&T,LTE,1.632,2.765,2026-02-26 11:46:24.144,,Successful,Successful,Enabled,Send Picture,999154.0,WhatsApp Send,Completed,Bowl,fbd516f0,AT&T,NR-NSA,,Bowl,AT&T
2026-02-26 11:47:54.485000-05:00,41.697989,-86.23469,20260226_preGame_Bowl,QualiPoc_619529,AT&T,LTE,0.351,2.019,2026-02-26 11:47:52.185,,Successful,Successful,Enabled,Send Text,,WhatsApp Send,Completed,Bowl,fbd516f0,Wi-Fi 6,LTE,5975.0,Bowl,AT&T
2026-02-26 11:48:04.134000-05:00,41.697989,-86.234689,20260226_preGame_Bowl,QualiPoc_619529,AT&T,LTE,1.593,2.742,2026-02-26 11:48:01.077,,Successful,Successful,Enabled,Send Picture,999313.0,WhatsApp Send,Completed,Bowl,fbd516f0,Wi-Fi 6,LTE,5975.0,Bowl,AT&T
2026-02-26 11:48:12.979000-05:00,41.698462,-86.234492,20260226_preGame_Bowl,QualiPoc_361786,T-Mobile,5G NR,0.357,1.718,2026-02-26 11:48:10.455,,Successful,Successful,Enabled,Send Text,,WhatsApp Send,Completed,Bowl,a0654bd3,Wi-Fi 6,NR,6675.0,Bowl,T-Mobile
2026-02-26 11:48:22.687000-05:00,41.698467,-86.234504,20260226_preGame_Bowl,QualiPoc_361786,T-Mobile,5G NR,1.352,1.59,2026-02-26 11:48:20.542,,Successful,Successful,Enabled,Send Picture,999239.0,WhatsApp Send,Completed,Bowl,a0654bd3,Wi-Fi 6,NR,6675.0,Bowl,T-Mobile
2026-02-26 11:50:21.177000-05:00,41.698457,-86.234461,20260226_preGame_Bowl,QualiPoc_361786,T-Mobile,5G NR,0.338,1.614,2026-02-26 11:50:18.600,,Successful,Successful,Enabled,Send Text,,WhatsApp Send,Completed,Bowl,a0654bd3,T-Mobile,NR,,Bowl,T-Mobile
2026-02-26 11:50:31.927000-05:00,41.698455,-86.234472,20260226_preGame_Bowl,QualiPoc_361786,T-Mobile,5G NR,1.305,2.56,2026-02-26 11:50:28.598,,Successful,Successful,Enabled,Send Picture,999379.0,WhatsApp Send,Completed,Bowl,a0654bd3,T-Mobile,NR,,Bowl,T-Mobile
2026-02-26 11:51:03.418000-05:00,41.698341,-86.234692,20260226_preGame_Bowl,QualiPoc_396840,Verizon,LTE,0.219,0.668,2026-02-26 11:51:02.084,,Successful,Successful,Enabled,Send Text,,WhatsApp Send,Completed,Bowl,7c36e7df,Verizon,NR-NSA,,Bowl,Verizon
2026-02-26 11:51:13.282000-05:00,41.698341,-86.234694,20260226_preGame_Bowl,QualiPoc_396840,Verizon,LTE,1.227,1.491,2026-02-26 11:51:11.030,,Successful,Successful,Enabled,Send Picture,999140.0,WhatsApp Send,Completed,Bowl,7c36e7df,Verizon,NR-NSA,,Bowl,Verizon
2026-02-26 11:51:32.635000-05:00,41.698353,-86.234694,20260226_preGame_Bowl,QualiPoc_619529,AT&T,LTE,0.299,1.709,2026-02-26 11:51:30.671,,Successful,Successful,Enabled,Send Text,,WhatsApp Send,Completed,Bowl,fbd516f0,AT&T,NR-NSA,,Bowl,AT&T
2026-02-26 11:51:42.461000-05:00,41.698353,-86.234694,20260226_preGame_Bowl,QualiPoc_619529,AT&T,LTE,1.565,2.932,2026-02-26 11:51:39.268,,Successful,Successful,Enabled,Send Picture,998868.0,WhatsApp Send,Completed,Bowl,fbd516f0,AT&T,NR-NSA,,Bowl,AT&T
2026-02-26 11:53:37.351000-05:00,41.698362,-86.234684,20260226_preGame_Bowl,QualiPoc_396840,Verizon,LTE,0.325,1.269,2026-02-26 11:53:35.296,,Successful,Successful,Enabled,Send Text,,WhatsApp Send,Completed,Bowl,7c36e7df,Wi-Fi 6,NR-NSA,6635.0,Bowl,Verizon
2026-02-26 11:53:47.223000-05:00,41.698362,-86.234684,20260226_preGame_Bowl,QualiPoc_396840,Verizon,LTE,1.037,1.705,2026-02-26 11:53:44.814,,Successful,Successful,Enabled,Send Picture,999292.0,WhatsApp Send,Completed,Bowl,7c36e7df,Wi-Fi 6,LTE,6635.0,Bowl,Verizon
2026-02-26 11:54:43.494000-05:00,41.698851,-86.234677,20260226_preGame_Bowl,QualiPoc_361786,T-Mobile,5G NR,0.328,0.572,2026-02-26 11:54:42.055,,Successful,Successful,Enabled,Send Text,,WhatsApp Send,Completed,Bowl,a0654bd3,T-Mobile,NR,,Bowl,T-Mobile
2026-02-26 11:54:53.767000-05:00,41.698845,-86.234683,20260226_preGame_Bowl,QualiPoc_361786,T-Mobile,5G NR,1.638,1.778,2026-02-26 11:54:51.517,,Successful,Successful,Enabled,Send Picture,999534.0,WhatsApp Send,Completed,Bowl,a0654bd3,T-Mobile,NR,,Bowl,T-Mobile
2026-02-26 11:56:23.734000-05:00,41.698833,-86.234701,20260226_preGame_Bowl,QualiPoc_361786,T-Mobile,5G NR,0.233,1.723,2026-02-26 11:56:21.472,,Successful,Successful,Enabled,Send Text,,WhatsApp Send,Completed,Bowl,a0654bd3,Wi-Fi 6,NR,6315.0,Bowl,T-Mobile
2026-02-26 11:56:33.620000-05:00,41.698833,-86.234716,20260226_preGame_Bowl,QualiPoc_361786,T-Mobile,5G NR,1.075,1.761,2026-02-26 11:56:31.227,,Successful,Successful,Enabled,Send Picture,999425.0,WhatsApp Send,Completed,Bowl,a0654bd3,Wi-Fi 6,NR,6315.0,Bowl,T-Mobile
2026-02-26 11:57:09.512000-05:00,41.698353,-86.234482,20260226_preGame_Bowl,QualiPoc_396840,Verizon,LTE,0.259,0.464,2026-02-26 11:57:08.434,,Successful,Successful,Enabled,Send Text,,WhatsApp Send,Completed,Bowl,7c36e7df,Verizon,NR-NSA,,Bowl,Verizon
2026-02-26 11:57:11.337000-05:00,41.698367,-86.234449,20260226_preGame_Bowl,QualiPoc_619529,AT&T,LTE,0.434,2.164,2026-02-26 11:57:08.906,,Successful,Successful,Enabled,Send Text,,WhatsApp Send,Completed,Bowl,fbd516f0,AT&T,NR-NSA,,Bowl,AT&T
2026-02-26 11:57:19.182000-05:00,41.698353,-86.234481,20260226_preGame_Bowl,QualiPoc_396840,Verizon,LTE,1.081,1.629,2026-02-26 11:57:16.823,,Successful,Successful,Enabled,Send Picture,999178.0,WhatsApp Send,Completed,Bowl,7c36e7df,Verizon,NR-NSA,,Bowl,Verizon
2026-02-26 11:57:20.454000-05:00,41.698367,-86.234448,20260226_preGame_Bowl,QualiPoc_619529,AT&T,LTE,1.33,2.401,2026-02-26 11:57:17.768,,Successful,Successful,Enabled,Send Picture,999024.0,WhatsApp Send,Completed,Bowl,fbd516f0,AT&T,NR-NSA,,Bowl,AT&T
2026-02-26 11:58:50.845000-05:00,41.698836,-86.234469,20260226_preGame_Bowl,QualiPoc_361786,T-Mobile,5G NR,0.439,2.129,2026-02-26 11:58:47.871,,Successful,Successful,Enabled,Send Text,,WhatsApp Send,Completed,Bowl,a0654bd3,Wi-Fi 6,NR,6315.0,Bowl,T-Mobile
2026-02-26 11:59:00.806000-05:00,41.698836,-86.234466,20260226_preGame_Bowl,QualiPoc_361786,T-Mobile,5G NR,1.741,1.945,2026-02-26 11:58:58.086,,Successful,Successful,Enabled,Send Picture,999051.0,WhatsApp Send,Completed,Bowl,a0654bd3,Wi-Fi 6,NR,6315.0,Bowl,T-Mobile
2026-02-26 12:00:09.755000-05:00,41.698358,-86.234444,20260226_preGame_Bowl,QualiPoc_619529,AT&T,LTE,0.603,1.533,2026-02-26 12:00:07.957,,Successful,Successful,Enabled,Send Text,,WhatsApp Send,Completed,Bowl,fbd516f0,Wi-Fi 6,LTE,6355.0,Bowl,AT&T
2026-02-26 12:00:18.567000-05:00,41.698359,-86.234444,20260226_preGame_Bowl,QualiPoc_619529,AT&T,LTE,0.904,1.879,2026-02-26 12:00:16.395,,Successful,Successful,Enabled,Send Picture,999238.0,WhatsApp Send,Completed,Bowl,fbd516f0,Wi-Fi 6,LTE,6355.0,Bowl,AT&T
2026-02-26 12:01:18.936000-05:00,41.698839,-86.234476,20260226_preGame_Bowl,QualiPoc_361786,T-Mobile,5G NR,0.348,1.717,2026-02-26 12:01:16.420,,Successful,Successful,Enabled,Send Text,,WhatsApp Send,Completed,Bowl,a0654bd3,T-Mobile,NR,,Bowl,T-Mobile
2026-02-26 12:01:30.662000-05:00,41.698851,-86.234446,20260226_preGame_Bowl,QualiPoc_361786,T-Mobile,5G NR,2.179,2.93,2026-02-26 12:01:27.050,,Successful,Successful,Enabled,Send Picture,999001.0,WhatsApp Send,Completed,Bowl,a0654bd3,T-Mobile,NR,,Bowl,T-Mobile
2026-02-26 12:05:05.782000-05:00,41.698861,-86.234462,20260226_preGame_Bowl,QualiPoc_396840,Verizon,LTE,0.338,1.431,2026-02-26 12:05:03.798,,Successful,Successful,Enabled,Send Text,,WhatsApp Send,Completed,Bowl,7c36e7df,Verizon,NR-NSA,,Bowl,Verizon
2026-02-26 12:05:15.599000-05:00,41.69886,-86.234462,20260226_preGame_Bowl,QualiPoc_396840,Verizon,LTE,1.351,1.881,2026-02-26 12:05:13.204,,Successful,Successful,Enabled,Send Picture,999273.0,WhatsApp Send,Completed,Bowl,7c36e7df,Verizon,NR-NSA,,Bowl,Verizon
2026-02-26 12:05:28.521000-05:00,41.698852,-86.234442,20260226_preGame_Bowl,QualiPoc_619529,AT&T,LTE,0.246,1.738,2026-02-26 12:05:26.501,,Successful,Successful,Enabled,Send Text,,WhatsApp Send,Completed,Bowl,fbd516f0,AT&T,NR-NSA,,Bowl,AT&T
2026-02-26 12:05:38.708000-05:00,41.698855,-86.234442,20260226_preGame_Bowl,QualiPoc_619529,AT&T,LTE,1.4,3.39,2026-02-26 12:05:35.054,,Successful,Successful,Enabled,Send Picture,999564.0,WhatsApp Send,Completed,Bowl,fbd516f0,AT&T,NR-NSA,,Bowl,AT&T
2026-02-26 12:07:28.225000-05:00,41.698854,-86.234461,20260226_preGame_Bowl,QualiPoc_396840,Verizon,LTE,0.505,2.553,2026-02-26 12:07:24.923,,Successful,Successful,Enabled,Send Text,,WhatsApp Send,Completed,Bowl,7c36e7df,Wi-Fi 6,LTE,6695.0,Bowl,Verizon
2026-02-26 12:07:38.448000-05:00,41.698854,-86.234461,20260226_preGame_Bowl,QualiPoc_396840,Verizon,LTE,1.316,2.185,2026-02-26 12:07:35.631,,Successful,Successful,Enabled,Send Picture,998873.0,WhatsApp Send,Completed,Bowl,7c36e7df,Wi-Fi 6,LTE,6695.0,Bowl,Verizon
2026-02-26 12:07:51.354000-05:00,41.698846,-86.233372,20260226_preGame_Bowl,QualiPoc_361786,T-Mobile,5G NR,0.325,1.81,2026-02-26 12:07:48.969,,Successful,Successful,Enabled,Send Text,,WhatsApp Send,Completed,Bowl,a0654bd3,T-Mobile,NR,,Bowl,T-Mobile
2026-02-26 12:08:04.075000-05:00,41.69885,-86.23337,20260226_preGame_Bowl,QualiPoc_361786,T-Mobile,5G NR,1.816,4.352,2026-02-26 12:07:59.023,,Successful,Successful,Enabled,Send Picture,999165.0,WhatsApp Send,Completed,Bowl,a0654bd3,T-Mobile,NR,,Bowl,T-Mobile
2026-02-26 12:09:47.947000-05:00,41.698846,-86.233355,20260226_preGame_Bowl,QualiPoc_361786,T-Mobile,5G NR,0.405,1.463,2026-02-26 12:09:45.704,,Successful,Successful,Enabled,Send Text,,WhatsApp Send,Completed,Bowl,a0654bd3,Wi-Fi 6,NR,6055.0,Bowl,T-Mobile
2026-02-26 12:09:58.991000-05:00,41.698844,-86.23336,20260226_preGame_Bowl,QualiPoc_361786,T-Mobile,5G NR,1.603,2.4,2026-02-26 12:09:55.715,,Successful,Successful,Enabled,Send Picture,999242.0,WhatsApp Send,Completed,Bowl,a0654bd3,Wi-Fi 6,NR,6055.0,Bowl,T-Mobile
2026-02-26 12:10:16.035000-05:00,41.698859,-86.234642,20260226_preGame_Bowl,QualiPoc_619529,AT&T,LTE,0.299,1.957,2026-02-26 12:10:13.829,,Successful,Successful,Enabled,Send Text,,WhatsApp Send,Completed,Bowl,fbd516f0,AT&T,NR-NSA,,Bowl,AT&T
2026-02-26 12:10:16.322000-05:00,41.698873,-86.234704,20260226_preGame_Bowl,QualiPoc_396840,Verizon,LTE,0.379,1.642,2026-02-26 12:10:13.989,,Successful,Successful,Enabled,Send Text,,WhatsApp Send,Completed,Bowl,7c36e7df,Verizon,NR-NSA,,Bowl,Verizon
2026-02-26 12:10:25.403000-05:00,41.698859,-86.234643,20260226_preGame_Bowl,QualiPoc_619529,AT&T,LTE,1.216,2.508,2026-02-26 12:10:22.575,,Successful,Successful,Enabled,Send Picture,999242.0,WhatsApp Send,Completed,Bowl,fbd516f0,AT&T,NR-NSA,,Bowl,AT&T
2026-02-26 12:10:26.556000-05:00,41.698872,-86.234698,20260226_preGame_Bowl,QualiPoc_396840,Verizon,LTE,1.703,2.054,2026-02-26 12:10:23.803,,Successful,Successful,Enabled,Send Picture,999002.0,WhatsApp Send,Completed,Bowl,7c36e7df,Verizon,NR-NSA,,Bowl,Verizon
2026-02-26 12:12:24.616000-05:00,41.698852,-86.233119,20260226_preGame_Bowl,QualiPoc_361786,T-Mobile,5G NR,0.649,0.737,2026-02-26 12:12:23.194,,Successful,Successful,Enabled,Send Text,,WhatsApp Send,Completed,Bowl,a0654bd3,Wi-Fi 6,NR,6055.0,Bowl,T-Mobile
2026-02-26 12:12:30.850000-05:00,41.698864,-86.234634,20260226_preGame_Bowl,QualiPoc_619529,AT&T,LTE,0.371,1.5,2026-02-26 12:12:29.088,,Successful,Successful,Enabled,Send Text,,WhatsApp Send,Completed,Bowl,fbd516f0,Wi-Fi 6,LTE,6315.0,Bowl,AT&T
2026-02-26 12:12:34.528000-05:00,41.69885,-86.233128,20260226_preGame_Bowl,QualiPoc_361786,T-Mobile,5G NR,1.336,1.562,2026-02-26 12:12:32.264,,Successful,Successful,Enabled,Send Picture,998926.0,WhatsApp Send,Completed,Bowl,a0654bd3,Wi-Fi 6,NR,6055.0,Bowl,T-Mobile
2026-02-26 12:12:39.335000-05:00,41.698864,-86.234634,20260226_preGame_Bowl,QualiPoc_619529,AT&T,LTE,1.204,1.744,2026-02-26 12:12:37.307,,Successful,Successful,Enabled,Send Picture,998901.0,WhatsApp Send,Completed,Bowl,fbd516f0,Wi-Fi 6,LTE,6315.0,Bowl,AT&T
2026-02-26 12:14:40.782000-05:00,41.698866,-86.233142,20260226_preGame_Bowl,QualiPoc_361786,T-Mobile,5G NR,0.318,1.846,2026-02-26 12:14:38.089,,Successful,Successful,Enabled,Send Text,,WhatsApp Send,Completed,Bowl,a0654bd3,T-Mobile,NR,,Bowl,T-Mobile
2026-02-26 12:14:50.762000-05:00,41.698858,-86.233139,20260226_preGame_Bowl,QualiPoc_361786,T-Mobile,5G NR,1.184,1.744,2026-02-26 12:14:48.308,,Successful,Successful,Enabled,Send Picture,999676.0,WhatsApp Send,Completed,Bowl,a0654bd3,T-Mobile,NR,,Bowl,T-Mobile
2026-02-26 12:17:12.333000-05:00,41.698483,-86.233135,20260226_preGame_Bowl,QualiPoc_361786,T-Mobile,5G NR,0.261,1.873,2026-02-26 12:17:09.559,,Successful,Successful,Enabled,Send Text,,WhatsApp Send,Completed,Bowl,a0654bd3,T-Mobile,NR,,Bowl,T-Mobile
2026-02-26 12:17:23.085000-05:00,41.69848,-86.233145,20260226_preGame_Bowl,QualiPoc_361786,T-Mobile,5G NR,1.355,1.966,2026-02-26 12:17:20.532,,Successful,Successful,Enabled,Send Picture,999266.0,WhatsApp Send,Completed,Bowl,a0654bd3,T-Mobile,NR,,Bowl,T-Mobile
2026-02-26 12:19:07.488000-05:00,41.698835,-86.233162,20260226_preGame_Bowl,QualiPoc_396840,Verizon,LTE,0.314,8.333,2026-02-26 12:18:58.408,,Successful,Successful,Enabled,Send Text,,WhatsApp Send,Completed,Bowl,7c36e7df,Verizon,NR-NSA,,Bowl,Verizon
2026-02-26 12:19:10.285000-05:00,41.698848,-86.233167,20260226_preGame_Bowl,QualiPoc_619529,AT&T,LTE,0.274,1.38,2026-02-26 12:19:08.620,,Successful,Successful,Enabled,Send Text,,WhatsApp Send,Completed,Bowl,fbd516f0,AT&T,NR-NSA,,Bowl,AT&T
2026-02-26 12:19:10.669000-05:00,41.698474,-86.23317,20260226_preGame_Bowl,QualiPoc_361786,T-Mobile,5G NR,0.312,2.984,2026-02-26 12:19:06.702,,Successful,Successful,Enabled,Send Text,,WhatsApp Send,Completed,Bowl,a0654bd3,Wi-Fi 6,NR,6675.0,Bowl,T-Mobile
2026-02-26 12:19:17.328000-05:00,41.698838,-86.233162,20260226_preGame_Bowl,QualiPoc_396840,Verizon,LTE,1.381,1.648,2026-02-26 12:19:14.985,,Successful,Successful,Enabled,Send Picture,999614.0,WhatsApp Send,Completed,Bowl,7c36e7df,Verizon,NR-NSA,,Bowl,Verizon
2026-02-26 12:19:20.428000-05:00,41.698847,-86.233168,20260226_preGame_Bowl,QualiPoc_619529,AT&T,LTE,2.151,3.419,2026-02-26 12:19:16.756,,Successful,Successful,Enabled,Send Picture,999191.0,WhatsApp Send,Completed,Bowl,fbd516f0,AT&T,NR-NSA,,Bowl,AT&T
2026-02-26 12:19:21.055000-05:00,41.698466,-86.233172,20260226_preGame_Bowl,QualiPoc_361786,T-Mobile,5G NR,1.255,1.901,2026-02-26 12:19:18.353,,Successful,Successful,Enabled,Send Picture,999049.0,WhatsApp Send,Completed,Bowl,a0654bd3,Wi-Fi 6,NR,6675.0,Bowl,T-Mobile
2026-02-26 12:21:14.933000-05:00,41.698832,-86.23318,20260226_preGame_Bowl,QualiPoc_396840,Verizon,LTE,0.33,1.907,2026-02-26 12:21:12.194,,Successful,Successful,Enabled,Send Text,,WhatsApp Send,Completed,Bowl,7c36e7df,Wi-Fi 6,LTE,6055.0,Bowl,Verizon
2026-02-26 12:21:25.238000-05:00,41.698834,-86.233178,20260226_preGame_Bowl,QualiPoc_396840,Verizon,LTE,1.433,2.145,2026-02-26 12:21:22.326,,Successful,Successful,Enabled,Send Picture,999030.0,WhatsApp Send,Completed,Bowl,7c36e7df,Wi-Fi 6,LTE,6055.0,Bowl,Verizon
2026-02-26 12:21:44.444000-05:00,41.698466,-86.23337,20260226_preGame_Bowl,QualiPoc_361786,T-Mobile,5G NR,0.689,1.938,2026-02-26 12:21:41.690,,Successful,Successful,Enabled,Send Text,,WhatsApp Send,Completed,Bowl,a0654bd3,Wi-Fi 6,NR,6675.0,Bowl,T-Mobile
2026-02-26 12:21:57.512000-05:00,41.698471,-86.233364,20260226_preGame_Bowl,QualiPoc_361786,T-Mobile,5G NR,2.497,4.248,2026-02-26 12:21:52.386,,Successful,Successful,Enabled,Send Picture,999165.0,WhatsApp Send,Completed,Bowl,a0654bd3,Wi-Fi 6,NR,6675.0,Bowl,T-Mobile
2026-02-26 12:24:09.629000-05:00,41.698825,-86.233377,20260226_preGame_Bowl,QualiPoc_396840,Verizon,LTE,0.406,1.298,2026-02-26 12:24:07.683,,Successful,Successful,Enabled,Send Text,,WhatsApp Send,Completed,Bowl,7c36e7df,Verizon,NR-NSA,,Bowl,Verizon
2026-02-26 12:24:13.473000-05:00,41.69884,-86.233379,20260226_preGame_Bowl,QualiPoc_619529,AT&T,LTE,0.211,1.526,2026-02-26 12:24:11.677,,Successful,Successful,Enabled,Send Text,,WhatsApp Send,Completed,Bowl,fbd516f0,AT&T,NR-NSA,,Bowl,AT&T
2026-02-26 12:24:20.328000-05:00,41.698819,-86.233373,20260226_preGame_Bowl,QualiPoc_396840,Verizon,LTE,1.917,2.404,2026-02-26 12:24:17.265,,Successful,Successful,Enabled,Send Picture,999571.0,WhatsApp Send,Completed,Bowl,7c36e7df,Verizon,NR-NSA,,Bowl,Verizon
2026-02-26 12:24:23.567000-05:00,41.69884,-86.233379,20260226_preGame_Bowl,QualiPoc_619529,AT&T,LTE,1.335,3.134,2026-02-26 12:24:20.158,,Successful,Successful,Enabled,Send Picture,998958.0,WhatsApp Send,Completed,Bowl,fbd516f0,AT&T,NR-NSA,,Bowl,AT&T
2026-02-26 12:24:28.570000-05:00,41.698466,-86.233357,20260226_preGame_Bowl,QualiPoc_361786,T-Mobile,5G NR,0.317,0.949,2026-02-26 12:24:26.731,,Successful,Successful,Enabled,Send Text,,WhatsApp Send,Completed,Bowl,a0654bd3,T-Mobile,NR,,Bowl,T-Mobile
2026-02-26 12:24:40.785000-05:00,41.698466,-86.233369,20260226_preGame_Bowl,QualiPoc_361786,T-Mobile,5G NR,1.851,3.953,2026-02-26 12:24:36.176,,Successful,Successful,Enabled,Send Picture,999089.0,WhatsApp Send,Completed,Bowl,a0654bd3,T-Mobile,NR,,Bowl,T-Mobile
2026-02-26 12:26:11.113000-05:00,41.698839,-86.233382,20260226_preGame_Bowl,QualiPoc_619529,AT&T,LTE,0.639,1.334,2026-02-26 12:26:09.524,,Successful,Successful,Enabled,Send Text,,WhatsApp Send,Completed,Bowl,fbd516f0,Wi-Fi 5,LTE,5640.0,Bowl,AT&T
2026-02-26 12:26:21.197000-05:00,41.698838,-86.233382,20260226_preGame_Bowl,QualiPoc_619529,AT&T,LTE,1.559,3.164,2026-02-26 12:26:17.747,,Successful,Successful,Enabled,Send Picture,999064.0,WhatsApp Send,Completed,Bowl,fbd516f0,Wi-Fi 5,LTE,5640.0,Bowl,AT&T
2026-02-26 12:27:48.445000-05:00,41.697973,-86.233335,20260226_preGame_Bowl,QualiPoc_361786,T-Mobile,5G NR,0.296,1.644,2026-02-26 12:27:45.983,,Successful,Successful,Enabled,Send Text,,WhatsApp Send,Completed,Bowl,a0654bd3,T-Mobile,NR,,Bowl,T-Mobile
2026-02-26 12:27:58.639000-05:00,41.697969,-86.233348,20260226_preGame_Bowl,QualiPoc_361786,T-Mobile,5G NR,1.33,1.643,2026-02-26 12:27:56.236,,Successful,Successful,Enabled,Send Picture,999017.0,WhatsApp Send,Completed,Bowl,a0654bd3,T-Mobile,NR,,Bowl,T-Mobile
2026-02-26 12:29:31.395000-05:00,41.698447,-86.23335,20260226_preGame_Bowl,QualiPoc_396840,Verizon,LTE,0.368,2.01,2026-02-26 12:29:28.791,,Successful,Successful,Enabled,Send Text,,WhatsApp Send,Completed,Bowl,7c36e7df,Verizon,NR-NSA,,Bowl,Verizon
2026-02-26 12:29:40.838000-05:00,41.69845,-86.23335,20260226_preGame_Bowl,QualiPoc_396840,Verizon,LTE,1.471,1.667,2026-02-26 12:29:38.453,,Successful,Successful,Enabled,Send Picture,999001.0,WhatsApp Send,Completed,Bowl,7c36e7df,Verizon,NR-NSA,,Bowl,Verizon
2026-02-26 12:29:44.389000-05:00,41.697962,-86.233357,20260226_preGame_Bowl,QualiPoc_361786,T-Mobile,5G NR,0.65,1.011,2026-02-26 12:29:42.708,,Successful,Successful,Enabled,Send Text,,WhatsApp Send,Completed,Bowl,a0654bd3,Wi-Fi 6,NR,6615.0,Bowl,T-Mobile
2026-02-26 12:29:54.696000-05:00,41.698439,-86.233379,20260226_preGame_Bowl,QualiPoc_619529,AT&T,LTE,0.211,2.016,2026-02-26 12:29:52.370,,Successful,Successful,Enabled,Send Text,,WhatsApp Send,Completed,Bowl,fbd516f0,AT&T,NR-NSA,,Bowl,AT&T
2026-02-26 12:29:55.098000-05:00,41.697964,-86.233361,20260226_preGame_Bowl,QualiPoc_361786,T-Mobile,5G NR,1.577,2.028,2026-02-26 12:29:52.294,,Successful,Successful,Enabled,Send Picture,999171.0,WhatsApp Send,Completed,Bowl,a0654bd3,Wi-Fi 6,NR,6615.0,Bowl,T-Mobile
2026-02-26 12:30:05.310000-05:00,41.698439,-86.233378,20260226_preGame_Bowl,QualiPoc_619529,AT&T,LTE,2.021,3.699,2026-02-26 12:30:01.324,,Successful,Successful,Enabled,Send Picture,998912.0,WhatsApp Send,Completed,Bowl,fbd516f0,AT&T,NR-NSA,,Bowl,AT&T
2026-02-26 12:32:01.940000-05:00,41.698457,-86.233406,20260226_preGame_Bowl,QualiPoc_396840,Verizon,LTE,0.327,2.241,2026-02-26 12:31:58.989,,Successful,Successful,Enabled,Send Text,,WhatsApp Send,Completed,Bowl,7c36e7df,Wi-Fi 6,LTE,6035.0,Bowl,Verizon
2026-02-26 12:32:11.393000-05:00,41.698474,-86.233416,20260226_preGame_Bowl,QualiPoc_396840,Verizon,LTE,1.158,1.392,2026-02-26 12:32:09.194,,Successful,Successful,Enabled,Send Picture,999508.0,WhatsApp Send,Completed,Bowl,7c36e7df,Wi-Fi 6,LTE,6035.0,Bowl,Verizon
2026-02-26 12:32:16.208000-05:00,41.69797,-86.233114,20260226_preGame_Bowl,QualiPoc_361786,T-Mobile,5G NR,0.447,1.56,2026-02-26 12:32:13.874,,Successful,Successful,Enabled,Send Text,,WhatsApp Send,Completed,Bowl,a0654bd3,Wi-Fi 6,NR,6615.0,Bowl,T-Mobile
2026-02-26 12:32:26.914000-05:00,41.69797,-86.233114,20260226_preGame_Bowl,QualiPoc_361786,T-Mobile,5G NR,1.599,2.269,2026-02-26 12:32:23.890,,Successful,Successful,Enabled,Send Picture,999358.0,WhatsApp Send,Completed,Bowl,a0654bd3,Wi-Fi 6,NR,6615.0,Bowl,T-Mobile
2026-02-26 12:34:25.988000-05:00,41.697956,-86.233138,20260226_preGame_Bowl,QualiPoc_361786,T-Mobile,5G NR,0.242,0.714,2026-02-26 12:34:24.767,,Successful,Successful,Enabled,Send Text,,WhatsApp Send,Completed,Bowl,a0654bd3,T-Mobile,NR,,Bowl,T-Mobile
2026-02-26 12:34:35.381000-05:00,41.697963,-86.233148,20260226_preGame_Bowl,QualiPoc_361786,T-Mobile,5G NR,1.254,1.485,2026-02-26 12:34:33.317,,Successful,Successful,Enabled,Send Picture,998949.0,WhatsApp Send,Completed,Bowl,a0654bd3,T-Mobile,NR,,Bowl,T-Mobile
2026-02-26 12:35:39.363000-05:00,41.698464,-86.233129,20260226_preGame_Bowl,QualiPoc_619529,AT&T,LTE,0.223,2.086,2026-02-26 12:35:36.977,,Successful,Successful,Enabled,Send Text,,WhatsApp Send,Completed,Bowl,fbd516f0,AT&T,NR-NSA,,Bowl,AT&T
2026-02-26 12:35:41.994000-05:00,41.698462,-86.233155,20260226_preGame_Bowl,QualiPoc_396840,Verizon,LTE,0.33,0.564,2026-02-26 12:35:40.850,,Successful,Successful,Enabled,Send Text,,WhatsApp Send,Completed,Bowl,7c36e7df,Verizon,NR-NSA,,Bowl,Verizon
2026-02-26 12:35:49.070000-05:00,41.698464,-86.233129,20260226_preGame_Bowl,QualiPoc_619529,AT&T,LTE,1.267,2.868,2026-02-26 12:35:45.893,,Successful,Successful,Enabled,Send Picture,998969.0,WhatsApp Send,Completed,Bowl,fbd516f0,AT&T,NR-NSA,,Bowl,AT&T
2026-02-26 12:35:52.098000-05:00,41.698458,-86.233161,20260226_preGame_Bowl,QualiPoc_396840,Verizon,LTE,1.413,2.058,2026-02-26 12:35:49.472,,Successful,Successful,Enabled,Send Picture,998978.0,WhatsApp Send,Completed,Bowl,7c36e7df,Verizon,NR-NSA,,Bowl,Verizon
2026-02-26 12:37:23.506000-05:00,41.698461,-86.233139,20260226_preGame_Bowl,QualiPoc_619529,AT&T,LTE,0.423,2.206,2026-02-26 12:37:21.055,,Successful,Successful,Enabled,Send Text,,WhatsApp Send,Completed,Bowl,fbd516f0,Wi-Fi 6,LTE,6675.0,Bowl,AT&T
2026-02-26 12:37:33.010000-05:00,41.698461,-86.233139,20260226_preGame_Bowl,QualiPoc_619529,AT&T,LTE,1.124,2.641,2026-02-26 12:37:30.060,,Successful,Successful,Enabled,Send Picture,999153.0,WhatsApp Send,Completed,Bowl,fbd516f0,Wi-Fi 6,LTE,6675.0,Bowl,AT&T
2026-02-26 12:40:41.333000-05:00,41.697977,-86.23321,20260226_preGame_Bowl,QualiPoc_396840,Verizon,LTE,0.244,1.631,2026-02-26 12:40:39.067,,Successful,Successful,Enabled,Send Text,,WhatsApp Send,Completed,Bowl,7c36e7df,Verizon,NR-NSA,,Bowl,Verizon
2026-02-26 12:40:51.242000-05:00,41.697977,-86.23321,20260226_preGame_Bowl,QualiPoc_396840,Verizon,LTE,1.531,1.822,2026-02-26 12:40:48.813,,Successful,Successful,Enabled,Send Picture,999020.0,WhatsApp Send,Completed,Bowl,7c36e7df,Verizon,NR-NSA,,Bowl,Verizon
2026-02-26 12:41:07.767000-05:00,41.697967,-86.233141,20260226_preGame_Bowl,QualiPoc_619529,AT&T,LTE,0.29,1.668,2026-02-26 12:41:05.816,,Successful,Successful,Enabled,Send Text,,WhatsApp Send,Completed,Bowl,fbd516f0,AT&T,NR-NSA,,Bowl,AT&T
2026-02-26 12:41:17.956000-05:00,41.697966,-86.233141,20260226_preGame_Bowl,QualiPoc_619529,AT&T,LTE,1.481,3.366,2026-02-26 12:41:14.320,,Successful,Successful,Enabled,Send Picture,999133.0,WhatsApp Send,Completed,Bowl,fbd516f0,AT&T,NR-NSA,,Bowl,AT&T
2026-02-26 12:42:49.191000-05:00,41.697959,-86.233151,20260226_preGame_Bowl,QualiPoc_619529,AT&T,LTE,0.422,2.1,2026-02-26 12:42:46.825,,Successful,Successful,Enabled,Send Text,,WhatsApp Send,Completed,Bowl,fbd516f0,Wi-Fi 6,LTE,6275.0,Bowl,AT&T
2026-02-26 12:42:58.856000-05:00,41.697959,-86.233152,20260226_preGame_Bowl,QualiPoc_619529,AT&T,LTE,1.673,2.952,2026-02-26 12:42:55.670,,Successful,Successful,Enabled,Send Picture,999084.0,WhatsApp Send,Completed,Bowl,fbd516f0,Wi-Fi 6,LTE,6275.0,Bowl,AT&T
2026-02-26 12:43:26.844000-05:00,41.697985,-86.23337,20260226_preGame_Bowl,QualiPoc_396840,Verizon,LTE,0.313,1.999,2026-02-26 12:43:24.359,,Successful,Successful,Enabled,Send Text,,WhatsApp Send,Completed,Bowl,7c36e7df,Verizon,NR-NSA,,Bowl,Verizon
2026-02-26 12:43:37.175000-05:00,41.697982,-86.233368,20260226_preGame_Bowl,QualiPoc_396840,Verizon,LTE,1.567,2.086,2026-02-26 12:43:34.564,,Successful,Successful,Enabled,Send Picture,998944.0,WhatsApp Send,Completed,Bowl,7c36e7df,Verizon,NR-NSA,,Bowl,Verizon
2026-02-26 12:45:57.862000-05:00,41.697961,-86.233354,20260226_preGame_Bowl,QualiPoc_619529,AT&T,LTE,0.298,14.043,2026-02-26 12:45:43.535,,Successful,Successful,Enabled,Send Text,,WhatsApp Send,Completed,Bowl,fbd516f0,AT&T,NR-NSA,,Bowl,AT&T
2026-02-26 12:45:58.039000-05:00,41.697965,-86.233374,20260226_preGame_Bowl,QualiPoc_396840,Verizon,LTE,0.338,5.659,2026-02-26 12:45:51.820,,Successful,Successful,Enabled,Send Text,,WhatsApp Send,Completed,Bowl,7c36e7df,Wi-Fi 6,LTE,6675.0,Bowl,Verizon
2026-02-26 12:46:07.491000-05:00,41.697965,-86.233344,20260226_preGame_Bowl,QualiPoc_619529,AT&T,LTE,1.703,2.804,2026-02-26 12:46:04.426,,Successful,Successful,Enabled,Send Picture,999238.0,WhatsApp Send,Completed,Bowl,fbd516f0,AT&T,NR-NSA,,Bowl,AT&T
2026-02-26 12:46:08.610000-05:00,41.69796,-86.233384,20260226_preGame_Bowl,QualiPoc_396840,Verizon,LTE,1.838,2.356,2026-02-26 12:46:05.638,,Successful,Successful,Enabled,Send Picture,999423.0,WhatsApp Send,Completed,Bowl,7c36e7df,Wi-Fi 6,LTE,6675.0,Bowl,Verizon
