Time,Latitude,Longitude,Unit,Operator,Technology,Send Duration,Delivery Duration,Start Time,Receive Time,Transmission Status,Delivery Status,Delivery Notification,Action Type,File Size,Job Name,Test Status,Location,uuid,operator,network_type*,wifi_connected_primary_freq_mhz,Location_sigcap
2025-11-22 16:18:18.399000-05:00,41.698826,-86.233389,QualiPoc_361786,AT&T,LTE,3.586,3.593,2025-11-22 16:18:14.081,,Successful,Successful,Enabled,Send Text,,WhatsApp Send,Completed,Bowl,a0654bd3,AT&T,LTE,,Bowl
2025-11-22 16:18:32.266000-05:00,41.698189,-86.232993,QualiPoc_396840,Verizon,LTE,0.33,0.404,2025-11-22 16:18:31.150,,Successful,Successful,Enabled,Send Text,,WhatsApp Send,Completed,Concourse,7c36e7df,Verizon,LTE,,Concourse
2025-11-22 16:18:43.623000-05:00,41.698838,-86.233377,QualiPoc_361786,AT&T,LTE,16.908,16.915,2025-11-22 16:18:25.826,,Successful,Successful,Enabled,Send Picture,999045.0,WhatsApp Send,Completed,Bowl,a0654bd3,AT&T,LTE,,Bowl
2025-11-22 16:18:44.897000-05:00,41.698176,-86.232986,QualiPoc_396840,Verizon,LTE,4.258,4.396,2025-11-22 16:18:39.578,,Successful,Successful,Enabled,Send Picture,999054.0,WhatsApp Send,Completed,Concourse,7c36e7df,Verizon,LTE,,Concourse
2025-11-22 16:20:22.893000-05:00,41.698212,-86.232989,QualiPoc_396840,Verizon,LTE,0.55,0.556,2025-11-22 16:20:21.609,,Successful,Successful,Enabled,Send Text,,WhatsApp Send,Completed,Concourse,7c36e7df,Wi-Fi 6,LTE,6295.0,Concourse
2025-11-22 16:20:33.064000-05:00,41.698188,-86.232982,QualiPoc_396840,Verizon,LTE,1.886,1.999,2025-11-22 16:20:30.385,,Successful,Successful,Enabled,Send Picture,999262.0,WhatsApp Send,Completed,Concourse,7c36e7df,Wi-Fi 6,LTE,6295.0,Concourse
2025-11-22 16:21:03.942000-05:00,41.69883,-86.233382,QualiPoc_361786,AT&T,LTE,,,2025-11-22 16:20:34.908,,Failed,Failed,Enabled,Send Text,,WhatsApp Send,Failed,Bowl,a0654bd3,AT&T,LTE,,Bowl
2025-11-22 16:21:39.742000-05:00,41.698832,-86.233377,QualiPoc_361786,AT&T,LTE,,,2025-11-22 16:21:11.236,,Failed,Failed,Enabled,Send Picture,999496.0,WhatsApp Send,Failed,Bowl,a0654bd3,AT&T,LTE,,Bowl
2025-11-22 16:22:14.124000-05:00,41.697958,-86.234546,QualiPoc_619529,T-Mobile,5G NR,0.356,0.499,2025-11-22 16:22:13.284,,Successful,Successful,Enabled,Send Text,,WhatsApp Send,Completed,Bowl,64957d65,T-Mobile,NR,,Bowl
2025-11-22 16:22:23.931000-05:00,41.697958,-86.234546,QualiPoc_619529,T-Mobile,5G NR,2.86,2.864,2025-11-22 16:22:20.778,,Successful,Successful,Enabled,Send Picture,999040.0,WhatsApp Send,Completed,Bowl,64957d65,T-Mobile,NR,,Bowl
2025-11-22 16:23:15.494000-05:00,41.698857,-86.233008,QualiPoc_396840,Verizon,LTE,0.3,0.303,2025-11-22 16:23:14.539,,Successful,Successful,Enabled,Send Text,,WhatsApp Send,Completed,Concourse,7c36e7df,Wi-Fi 6,LTE,6055.0,Concourse
2025-11-22 16:23:24.775000-05:00,41.698839,-86.233055,QualiPoc_396840,Verizon,LTE,1.375,1.383,2025-11-22 16:23:22.859,,Successful,Successful,Enabled,Send Picture,999081.0,WhatsApp Send,Completed,Concourse,7c36e7df,Wi-Fi 6,LTE,6055.0,Concourse
2025-11-22 16:24:22.195000-05:00,41.697953,-86.234529,QualiPoc_619529,T-Mobile,5G NR,0.212,0.311,2025-11-22 16:24:21.569,,Successful,Successful,Enabled,Send Text,,WhatsApp Send,Completed,Bowl,64957d65,Wi-Fi 6,NR,6215.0,Bowl
2025-11-22 16:24:30.736000-05:00,41.697952,-86.23453,QualiPoc_619529,T-Mobile,5G NR,1.276,1.484,2025-11-22 16:24:28.895,,Successful,Successful,Enabled,Send Picture,999051.0,WhatsApp Send,Completed,Bowl,64957d65,Wi-Fi 6,NR,6215.0,Bowl
2025-11-22 16:26:19.039000-05:00,41.698881,-86.232894,QualiPoc_396840,Verizon,LTE,10.33,10.525,2025-11-22 16:26:07.737,,Successful,Successful,Enabled,Send Text,,WhatsApp Send,Completed,Concourse,7c36e7df,Verizon,LTE,,Concourse
2025-11-22 16:26:42.305000-05:00,41.698844,-86.233094,QualiPoc_361786,AT&T,LTE,,,2025-11-22 16:26:12.900,,Failed,Failed,Enabled,Send Text,,WhatsApp Send,Failed,Bowl,a0654bd3,AT&T,NR-NSA,,Bowl
2025-11-22 16:26:53.805000-05:00,41.698864,-86.232977,QualiPoc_396840,Verizon,LTE,26.821,26.874,2025-11-22 16:26:26.087,,Successful,Successful,Enabled,Send Picture,999097.0,WhatsApp Send,Completed,Concourse,7c36e7df,Verizon,LTE,,Concourse
2025-11-22 16:27:18.196000-05:00,41.698838,-86.233095,QualiPoc_361786,AT&T,LTE,,,2025-11-22 16:26:49.820,,Failed,Failed,Enabled,Send Picture,999160.0,WhatsApp Send,Failed,Bowl,a0654bd3,AT&T,NR-NSA,,Bowl
2025-11-22 16:27:24.304000-05:00,41.697955,-86.234691,QualiPoc_619529,T-Mobile,5G NR,0.496,0.61,2025-11-22 16:27:23.414,,Successful,Successful,Enabled,Send Text,,WhatsApp Send,Completed,Bowl,64957d65,T-Mobile,NR,,Bowl
2025-11-22 16:27:36.048000-05:00,41.697954,-86.234697,QualiPoc_619529,T-Mobile,5G NR,4.434,4.438,2025-11-22 16:27:31.159,,Successful,Successful,Enabled,Send Picture,999483.0,WhatsApp Send,Completed,Bowl,64957d65,T-Mobile,NR,,Bowl
2025-11-22 16:29:25.924000-05:00,41.697936,-86.234693,QualiPoc_619529,T-Mobile,5G NR,0.296,0.48,2025-11-22 16:29:25.135,,Successful,Successful,Enabled,Send Text,,WhatsApp Send,Completed,Bowl,64957d65,Wi-Fi 6,NR,6775.0,Bowl
2025-11-22 16:29:34.012000-05:00,41.697936,-86.234693,QualiPoc_619529,T-Mobile,5G NR,1.087,1.09,2025-11-22 16:29:32.641,,Successful,Successful,Enabled,Send Picture,998926.0,WhatsApp Send,Completed,Bowl,64957d65,Wi-Fi 6,NR,6775.0,Bowl
2025-11-22 16:30:22.637000-05:00,41.698847,-86.233132,QualiPoc_361786,AT&T,LTE,0.521,0.969,2025-11-22 16:30:21.088,,Successful,Successful,Enabled,Send Text,,WhatsApp Send,Completed,Bowl,a0654bd3,Wi-Fi 6,LTE,6775.0,Bowl
2025-11-22 16:30:26.440000-05:00,41.698065,-86.232732,QualiPoc_396840,Verizon,LTE,0.403,0.541,2025-11-22 16:30:25.103,,Successful,Successful,Enabled,Send Text,,WhatsApp Send,Completed,Concourse,7c36e7df,Verizon,LTE,,Concourse
2025-11-22 16:30:42.752000-05:00,41.698838,-86.2331,QualiPoc_361786,AT&T,LTE,11.922,11.938,2025-11-22 16:30:29.932,,Successful,Successful,Enabled,Send Picture,999026.0,WhatsApp Send,Completed,Bowl,a0654bd3,Wi-Fi 6,LTE,6775.0,Bowl
2025-11-22 16:30:43.891000-05:00,41.698058,-86.232726,QualiPoc_396840,Verizon,LTE,9.37,9.431,2025-11-22 16:30:33.678,,Successful,Successful,Enabled,Send Picture,999143.0,WhatsApp Send,Completed,Concourse,7c36e7df,Verizon,LTE,,Concourse
2025-11-22 16:32:30.240000-05:00,41.698076,-86.232704,QualiPoc_396840,Verizon,LTE,0.692,0.706,2025-11-22 16:32:28.796,,Successful,Successful,Enabled,Send Text,,WhatsApp Send,Completed,Concourse,7c36e7df,Wi-Fi 6,LTE,6775.0,Concourse
2025-11-22 16:32:40.216000-05:00,41.698076,-86.232704,QualiPoc_396840,Verizon,LTE,2.082,2.09,2025-11-22 16:32:37.378,,Successful,Successful,Enabled,Send Picture,999190.0,WhatsApp Send,Completed,Concourse,7c36e7df,Wi-Fi 6,LTE,6775.0,Concourse
2025-11-22 16:35:21.839000-05:00,41.697555,-86.233452,QualiPoc_396840,Verizon,LTE,0.49,0.495,2025-11-22 16:35:20.533,,Successful,Successful,Enabled,Send Text,,WhatsApp Send,Completed,Concourse,7c36e7df,Wi-Fi 6,LTE,6215.0,Concourse
2025-11-22 16:35:22.614000-05:00,41.698215,-86.234479,QualiPoc_619529,T-Mobile,5G NR,21.35,21.443,2025-11-22 16:35:00.862,,Successful,Successful,Enabled,Send Text,,WhatsApp Send,Completed,Bowl,64957d65,T-Mobile,LTE,,Bowl
2025-11-22 16:35:31.759000-05:00,41.697554,-86.233452,QualiPoc_396840,Verizon,LTE,1.535,1.724,2025-11-22 16:35:29.236,,Successful,Successful,Enabled,Send Picture,999289.0,WhatsApp Send,Completed,Concourse,7c36e7df,Wi-Fi 6,LTE,6215.0,Concourse
2025-11-22 16:35:32.031000-05:00,41.698221,-86.234474,QualiPoc_619529,T-Mobile,5G NR,2.371,2.485,2025-11-22 16:35:29.247,,Successful,Successful,Enabled,Send Picture,999054.0,WhatsApp Send,Completed,Bowl,64957d65,T-Mobile,NR,,Bowl
2025-11-22 16:35:54.232000-05:00,41.697946,-86.233388,QualiPoc_361786,AT&T,LTE,0.428,0.559,2025-11-22 16:35:52.879,,Successful,Successful,Enabled,Send Text,,WhatsApp Send,Completed,Bowl,a0654bd3,AT&T,LTE,,Bowl
2025-11-22 16:36:07.167000-05:00,41.697943,-86.233382,QualiPoc_361786,AT&T,LTE,4.641,4.767,2025-11-22 16:36:01.690,,Successful,Successful,Enabled,Send Picture,999282.0,WhatsApp Send,Completed,Bowl,a0654bd3,AT&T,LTE,,Bowl
2025-11-22 16:36:59.507000-05:00,41.697543,-86.233467,QualiPoc_396840,Verizon,LTE,0.291,0.393,2025-11-22 16:36:58.222,,Successful,Successful,Enabled,Send Text,,WhatsApp Send,Completed,Concourse,7c36e7df,Verizon,LTE,,Concourse
2025-11-22 16:37:09.657000-05:00,41.697512,-86.23341,QualiPoc_396840,Verizon,LTE,2.057,2.11,2025-11-22 16:37:07.028,,Successful,Successful,Enabled,Send Picture,999207.0,WhatsApp Send,Completed,Concourse,7c36e7df,Verizon,LTE,,Concourse
2025-11-22 16:37:17.295000-05:00,41.698218,-86.23448,QualiPoc_619529,T-Mobile,5G NR,0.227,0.276,2025-11-22 16:37:16.730,,Successful,Successful,Enabled,Send Text,,WhatsApp Send,Completed,Bowl,64957d65,Wi-Fi 6,NR,6215.0,Bowl
2025-11-22 16:37:25.227000-05:00,41.698221,-86.234481,QualiPoc_619529,T-Mobile,5G NR,0.938,1.039,2025-11-22 16:37:23.909,,Successful,Successful,Enabled,Send Picture,999522.0,WhatsApp Send,Completed,Bowl,64957d65,Wi-Fi 6,NR,6215.0,Bowl
2025-11-22 16:39:25.129000-05:00,41.697582,-86.234466,QualiPoc_396840,Verizon,LTE,0.226,0.316,2025-11-22 16:39:24.188,,Successful,Successful,Enabled,Send Text,,WhatsApp Send,Completed,Concourse,7c36e7df,Verizon,LTE,,Concourse
2025-11-22 16:39:35.559000-05:00,41.697582,-86.234468,QualiPoc_396840,Verizon,LTE,2.009,2.093,2025-11-22 16:39:32.605,,Successful,Successful,Enabled,Send Picture,999191.0,WhatsApp Send,Completed,Concourse,7c36e7df,Verizon,LTE,,Concourse
2025-11-22 16:40:03.811000-05:00,41.697951,-86.233353,QualiPoc_361786,AT&T,LTE,0.531,0.694,2025-11-22 16:40:02.283,,Successful,Successful,Enabled,Send Text,,WhatsApp Send,Completed,Bowl,a0654bd3,Wi-Fi 6,LTE,6135.0,Bowl
2025-11-22 16:40:20.185000-05:00,41.698218,-86.234671,QualiPoc_619529,T-Mobile,5G NR,0.3,0.411,2025-11-22 16:40:19.492,,Successful,Successful,Enabled,Send Text,,WhatsApp Send,Completed,Bowl,64957d65,T-Mobile,NR,,Bowl
2025-11-22 16:40:28.557000-05:00,41.698219,-86.234666,QualiPoc_619529,T-Mobile,5G NR,1.121,1.284,2025-11-22 16:40:26.917,,Successful,Successful,Enabled,Send Picture,998871.0,WhatsApp Send,Completed,Bowl,64957d65,T-Mobile,NR,,Bowl
2025-11-22 16:40:29.274000-05:00,41.697936,-86.233375,QualiPoc_361786,AT&T,LTE,16.813,17.098,2025-11-22 16:40:11.305,,Successful,Successful,Enabled,Send Picture,999015.0,WhatsApp Send,Completed,Bowl,a0654bd3,Wi-Fi 6,LTE,6135.0,Bowl
2025-11-22 16:41:43.116000-05:00,41.697489,-86.234562,QualiPoc_396840,Verizon,LTE,0.333,0.443,2025-11-22 16:41:41.881,,Successful,Successful,Enabled,Send Text,,WhatsApp Send,Completed,Concourse,7c36e7df,Wi-Fi 6,LTE,6615.0,Concourse
2025-11-22 16:41:52.711000-05:00,41.697485,-86.234572,QualiPoc_396840,Verizon,LTE,1.5,1.512,2025-11-22 16:41:50.544,,Successful,Successful,Enabled,Send Picture,999377.0,WhatsApp Send,Completed,Concourse,7c36e7df,Wi-Fi 6,LTE,6615.0,Concourse
2025-11-22 16:42:50.272000-05:00,41.698214,-86.234649,QualiPoc_619529,T-Mobile,5G NR,0.444,0.557,2025-11-22 16:42:49.433,,Successful,Successful,Enabled,Send Text,,WhatsApp Send,Completed,Bowl,64957d65,Wi-Fi 6,NR,6055.0,Bowl
2025-11-22 16:43:03.084000-05:00,41.698219,-86.23465,QualiPoc_619529,T-Mobile,5G NR,5.788,5.901,2025-11-22 16:42:56.779,,Successful,Successful,Enabled,Send Picture,999192.0,WhatsApp Send,Completed,Bowl,64957d65,Wi-Fi 6,NR,6055.0,Bowl
2025-11-22 16:44:24.394000-05:00,41.69809,-86.234881,QualiPoc_396840,Verizon,LTE,0.366,0.377,2025-11-22 16:44:23.268,,Successful,Successful,Enabled,Send Text,,WhatsApp Send,Completed,Concourse,7c36e7df,Wi-Fi 6,LTE,6855.0,Concourse
2025-11-22 16:44:34.011000-05:00,41.698068,-86.234889,QualiPoc_396840,Verizon,LTE,1.719,1.724,2025-11-22 16:44:31.733,,Successful,Successful,Enabled,Send Picture,999193.0,WhatsApp Send,Completed,Concourse,7c36e7df,Wi-Fi 6,LTE,6855.0,Concourse
2025-11-22 16:46:24.918000-05:00,41.698025,-86.234874,QualiPoc_396840,Verizon,LTE,0.261,0.458,2025-11-22 16:46:23.717,,Successful,Successful,Enabled,Send Text,,WhatsApp Send,Completed,Concourse,7c36e7df,Verizon,LTE,,Concourse
2025-11-22 16:46:38.489000-05:00,41.697983,-86.234883,QualiPoc_396840,Verizon,LTE,5.198,5.328,2025-11-22 16:46:32.297,,Successful,Successful,Enabled,Send Picture,998908.0,WhatsApp Send,Completed,Concourse,7c36e7df,Verizon,LTE,,Concourse
2025-11-22 16:47:07.059000-05:00,41.697947,-86.233109,QualiPoc_361786,AT&T,LTE,0.442,0.568,2025-11-22 16:47:05.556,,Successful,Successful,Enabled,Send Text,,WhatsApp Send,Completed,Bowl,a0654bd3,AT&T,NR-NSA,,Bowl
2025-11-22 16:47:43.062000-05:00,41.697944,-86.233094,QualiPoc_361786,AT&T,LTE,,,2025-11-22 16:47:14.338,,Failed,Failed,Enabled,Send Picture,999118.0,WhatsApp Send,Failed,Bowl,a0654bd3,AT&T,LTE,,Bowl
2025-11-22 16:48:23.998000-05:00,41.698713,-86.234616,QualiPoc_619529,T-Mobile,LTE,2.234,2.442,2025-11-22 16:48:21.217,,Successful,Successful,Enabled,Send Text,,WhatsApp Send,Completed,Bowl,64957d65,T-Mobile,NR,,Bowl
2025-11-22 16:48:42.512000-05:00,41.698709,-86.234615,QualiPoc_619529,T-Mobile,LTE,11.241,11.419,2025-11-22 16:48:30.708,,Successful,Successful,Enabled,Send Picture,999135.0,WhatsApp Send,Completed,Bowl,64957d65,T-Mobile,NR,,Bowl
2025-11-22 16:50:11.269000-05:00,41.697966,-86.23312,QualiPoc_361786,AT&T,LTE,0.92,1.317,2025-11-22 16:50:09.150,,Successful,Successful,Enabled,Send Text,,WhatsApp Send,Completed,Bowl,a0654bd3,Wi-Fi 6,LTE,6375.0,Bowl
2025-11-22 16:50:21.158000-05:00,41.697962,-86.233125,QualiPoc_361786,AT&T,LTE,1.48,1.602,2025-11-22 16:50:18.683,,Successful,Successful,Enabled,Send Picture,999142.0,WhatsApp Send,Completed,Bowl,a0654bd3,Wi-Fi 6,LTE,6375.0,Bowl
2025-11-22 16:50:27.643000-05:00,41.698718,-86.234605,QualiPoc_619529,T-Mobile,LTE,0.267,0.361,2025-11-22 16:50:27.009,,Successful,Successful,Enabled,Send Text,,WhatsApp Send,Completed,Bowl,64957d65,Wi-Fi 6,NR,6215.0,Bowl
2025-11-22 16:50:35.769000-05:00,41.698718,-86.234605,QualiPoc_619529,T-Mobile,LTE,1.205,1.44,2025-11-22 16:50:34.061,,Successful,Successful,Enabled,Send Picture,999126.0,WhatsApp Send,Completed,Bowl,64957d65,Wi-Fi 6,NR,6215.0,Bowl
2025-11-22 16:51:11.337000-05:00,41.698936,-86.234917,QualiPoc_396840,Verizon,LTE,0.3,0.403,2025-11-22 16:51:10.167,,Successful,Successful,Enabled,Send Text,,WhatsApp Send,Completed,Concourse,7c36e7df,Verizon,LTE,,Concourse
2025-11-22 16:51:25.883000-05:00,41.698889,-86.234902,QualiPoc_396840,Verizon,LTE,6.094,6.374,2025-11-22 16:51:18.947,,Successful,Successful,Enabled,Send Picture,999098.0,WhatsApp Send,Completed,Concourse,7c36e7df,Verizon,LTE,,Concourse
2025-11-22 16:52:52.869000-05:00,41.698911,-86.234847,QualiPoc_396840,Verizon,LTE,3.892,3.963,2025-11-22 16:52:48.339,,Successful,Successful,Enabled,Send Text,,WhatsApp Send,Completed,Concourse,7c36e7df,Wi-Fi 6,LTE,6695.0,Concourse
2025-11-22 16:53:02.826000-05:00,41.698895,-86.234885,QualiPoc_396840,Verizon,LTE,1.996,2.0,2025-11-22 16:53:00.131,,Successful,Successful,Enabled,Send Picture,999399.0,WhatsApp Send,Completed,Concourse,7c36e7df,Wi-Fi 6,LTE,6695.0,Concourse
2025-11-22 16:54:47.091000-05:00,41.698717,-86.234521,QualiPoc_619529,T-Mobile,5G NR,0.373,0.492,2025-11-22 16:54:46.285,,Successful,Successful,Enabled,Send Text,,WhatsApp Send,Completed,Bowl,64957d65,T-Mobile,NR,,Bowl
2025-11-22 16:54:55.833000-05:00,41.698715,-86.234522,QualiPoc_619529,T-Mobile,5G NR,1.786,1.934,2025-11-22 16:54:53.624,,Successful,Successful,Enabled,Send Picture,999057.0,WhatsApp Send,Completed,Bowl,64957d65,T-Mobile,NR,,Bowl
2025-11-22 16:56:54.069000-05:00,41.698709,-86.234454,QualiPoc_619529,T-Mobile,5G NR,0.287,0.39,2025-11-22 16:56:53.382,,Successful,Successful,Enabled,Send Text,,WhatsApp Send,Completed,Bowl,64957d65,Wi-Fi 6,NR,6615.0,Bowl
2025-11-22 16:57:04.539000-05:00,41.698714,-86.234456,QualiPoc_619529,T-Mobile,5G NR,3.692,3.725,2025-11-22 16:57:00.523,,Successful,Successful,Enabled,Send Picture,999400.0,WhatsApp Send,Completed,Bowl,64957d65,Wi-Fi 6,NR,6615.0,Bowl
2025-11-22 16:59:09.320000-05:00,41.698721,-86.234488,QualiPoc_396840,Verizon,LTE,0.454,0.458,2025-11-22 16:59:08.072,,Successful,Successful,Enabled,Send Text,,WhatsApp Send,Completed,Bowl,7c36e7df,Wi-Fi 6,LTE,6615.0,Bowl
2025-11-22 16:59:20.080000-05:00,41.698721,-86.234485,QualiPoc_396840,Verizon,LTE,2.518,2.724,2025-11-22 16:59:16.594,,Successful,Successful,Enabled,Send Picture,998958.0,WhatsApp Send,Completed,Bowl,7c36e7df,Wi-Fi 6,LTE,6615.0,Bowl
2025-11-22 17:00:26.455000-05:00,41.697966,-86.234454,QualiPoc_361786,AT&T,LTE,,,2025-11-22 16:59:57.713,,Failed,Failed,Enabled,Send Text,,WhatsApp Send,Failed,Bowl,a0654bd3,AT&T,NR-NSA,,Bowl
2025-11-22 17:01:02.273000-05:00,41.697964,-86.234461,QualiPoc_361786,AT&T,LTE,,,2025-11-22 17:00:33.996,,Failed,Failed,Enabled,Send Picture,999143.0,WhatsApp Send,Failed,Bowl,a0654bd3,AT&T,LTE,,Bowl
2025-11-22 17:04:00.301000-05:00,41.697967,-86.234453,QualiPoc_361786,AT&T,LTE,1.752,1.757,2025-11-22 17:03:57.631,,Successful,Successful,Enabled,Send Text,,WhatsApp Send,Completed,Bowl,a0654bd3,Wi-Fi 6,LTE,6375.0,Bowl
2025-11-22 17:04:10.328000-05:00,41.697963,-86.234453,QualiPoc_361786,AT&T,LTE,1.247,1.543,2025-11-22 17:04:07.791,,Successful,Successful,Enabled,Send Picture,999006.0,WhatsApp Send,Completed,Bowl,a0654bd3,Wi-Fi 6,LTE,6375.0,Bowl
2025-11-22 17:04:56.541000-05:00,41.698723,-86.234474,QualiPoc_396840,Verizon,LTE,,,2025-11-22 17:04:27.576,,Failed,Failed,Enabled,Send Text,,WhatsApp Send,Failed,Bowl,7c36e7df,Verizon,LTE,,Bowl
2025-11-22 17:05:32.454000-05:00,41.698735,-86.234582,QualiPoc_396840,Verizon,LTE,,,2025-11-22 17:05:03.727,,Failed,Failed,Enabled,Send Picture,998910.0,WhatsApp Send,Failed,Bowl,7c36e7df,Verizon,LTE,,Bowl
2025-11-22 17:09:57.714000-05:00,41.69795,-86.233377,QualiPoc_619529,T-Mobile,5G NR,0.554,0.693,2025-11-22 17:09:56.654,,Successful,Successful,Enabled,Send Text,,WhatsApp Send,Completed,Bowl,64957d65,T-Mobile,NR,,Bowl
2025-11-22 17:10:17.034000-05:00,41.69795,-86.233379,QualiPoc_619529,T-Mobile,5G NR,12.009,12.155,2025-11-22 17:10:04.463,,Successful,Successful,Enabled,Send Picture,998921.0,WhatsApp Send,Completed,Bowl,64957d65,T-Mobile,NR,,Bowl
2025-11-22 17:10:44.671000-05:00,41.697948,-86.234753,QualiPoc_361786,AT&T,LTE,,,2025-11-22 17:10:15.454,,Failed,Failed,Enabled,Send Text,,WhatsApp Send,Failed,Bowl,a0654bd3,AT&T,NR-NSA,,Bowl
2025-11-22 17:11:20.519000-05:00,41.69795,-86.234747,QualiPoc_361786,AT&T,LTE,,,2025-11-22 17:10:52.213,,Failed,Failed,Enabled,Send Picture,999048.0,WhatsApp Send,Failed,Bowl,a0654bd3,AT&T,NR-NSA,,Bowl
2025-11-22 17:12:56.592000-05:00,41.698055,-86.234438,QualiPoc_396840,Verizon,LTE,0.638,0.748,2025-11-22 17:12:55.193,,Successful,Successful,Enabled,Send Text,,WhatsApp Send,Completed,Bowl,7c36e7df,Wi-Fi 6,LTE,6775.0,Bowl
2025-11-22 17:13:09.728000-05:00,41.698057,-86.234444,QualiPoc_396840,Verizon,LTE,5.469,5.475,2025-11-22 17:13:03.597,,Successful,Successful,Enabled,Send Picture,999099.0,WhatsApp Send,Completed,Bowl,7c36e7df,Wi-Fi 6,LTE,6775.0,Bowl
2025-11-22 17:13:15.869000-05:00,41.697947,-86.233391,QualiPoc_619529,T-Mobile,5G NR,0.298,0.384,2025-11-22 17:13:15.198,,Successful,Successful,Enabled,Send Text,,WhatsApp Send,Completed,Bowl,64957d65,Wi-Fi 6,NR,5975.0,Bowl
2025-11-22 17:13:28.960000-05:00,41.697945,-86.23478,QualiPoc_361786,AT&T,LTE,1.469,1.48,2025-11-22 17:13:26.949,,Successful,Successful,Enabled,Send Text,,WhatsApp Send,Completed,Bowl,a0654bd3,Wi-Fi 6,LTE,6775.0,Bowl
2025-11-22 17:13:40.496000-05:00,41.697949,-86.234777,QualiPoc_361786,AT&T,LTE,2.894,2.908,2025-11-22 17:13:36.746,,Successful,Successful,Enabled,Send Picture,999131.0,WhatsApp Send,Completed,Bowl,a0654bd3,Wi-Fi 6,LTE,6775.0,Bowl
2025-11-22 17:13:40.523000-05:00,41.697942,-86.233382,QualiPoc_619529,T-Mobile,5G NR,17.388,17.393,2025-11-22 17:13:22.695,,Successful,Successful,Enabled,Send Picture,998930.0,WhatsApp Send,Completed,Bowl,64957d65,Wi-Fi 6,NR,5975.0,Bowl
2025-11-22 17:15:26.416000-05:00,41.697987,-86.233254,QualiPoc_619529,T-Mobile,5G NR,8.757,8.763,2025-11-22 17:15:17.316,,Successful,Successful,Enabled,Send Text,,WhatsApp Send,Completed,Bowl,64957d65,T-Mobile,LTE,,Bowl
2025-11-22 17:15:43.230000-05:00,41.697987,-86.233255,QualiPoc_619529,T-Mobile,5G NR,9.658,9.765,2025-11-22 17:15:33.031,,Successful,Successful,Enabled,Send Picture,999114.0,WhatsApp Send,Completed,Bowl,64957d65,T-Mobile,NR,,Bowl
2025-11-22 17:16:12.335000-05:00,41.698063,-86.234444,QualiPoc_396840,Verizon,LTE,0.469,0.48,2025-11-22 17:16:10.978,,Successful,Successful,Enabled,Send Text,,WhatsApp Send,Completed,Bowl,7c36e7df,Verizon,NR-NSA,,Bowl
2025-11-22 17:16:35.519000-05:00,41.698063,-86.234443,QualiPoc_396840,Verizon,LTE,14.898,15.087,2025-11-22 17:16:19.833,,Successful,Successful,Enabled,Send Picture,999201.0,WhatsApp Send,Completed,Bowl,7c36e7df,Verizon,NR-NSA,,Bowl
2025-11-22 17:17:46.362000-05:00,41.697988,-86.233256,QualiPoc_619529,T-Mobile,5G NR,0.317,0.321,2025-11-22 17:17:45.736,,Successful,Successful,Enabled,Send Text,,WhatsApp Send,Completed,Bowl,64957d65,Wi-Fi 6,NR,6055.0,Bowl
2025-11-22 17:17:55.193000-05:00,41.697988,-86.233256,QualiPoc_619529,T-Mobile,5G NR,1.715,1.942,2025-11-22 17:17:52.961,,Successful,Successful,Enabled,Send Picture,999450.0,WhatsApp Send,Completed,Bowl,64957d65,Wi-Fi 6,NR,6055.0,Bowl
2025-11-22 17:19:18.218000-05:00,41.6981,-86.234716,QualiPoc_396840,Verizon,LTE,0.917,1.037,2025-11-22 17:19:16.476,,Successful,Successful,Enabled,Send Text,,WhatsApp Send,Completed,Bowl,7c36e7df,Verizon,NR-NSA,,Bowl
2025-11-22 17:19:30.242000-05:00,41.6981,-86.234715,QualiPoc_396840,Verizon,LTE,3.98,4.118,2025-11-22 17:19:25.477,,Successful,Successful,Enabled,Send Picture,999588.0,WhatsApp Send,Completed,Bowl,7c36e7df,Verizon,NR-NSA,,Bowl
2025-11-22 17:21:20.051000-05:00,41.698109,-86.2347,QualiPoc_396840,Verizon,LTE,4.483,4.497,2025-11-22 17:21:14.843,,Successful,Successful,Enabled,Send Text,,WhatsApp Send,Completed,Bowl,7c36e7df,Wi-Fi 6,LTE,6135.0,Bowl
2025-11-22 17:21:31.084000-05:00,41.698106,-86.234698,QualiPoc_396840,Verizon,LTE,2.819,2.833,2025-11-22 17:21:27.447,,Successful,Successful,Enabled,Send Picture,999106.0,WhatsApp Send,Completed,Bowl,7c36e7df,Wi-Fi 6,LTE,6135.0,Bowl
2025-11-22 17:22:11.036000-05:00,41.698976,-86.234364,QualiPoc_361786,AT&T,LTE,0.69,0.861,2025-11-22 17:22:09.510,,Successful,Successful,Enabled,Send Text,,WhatsApp Send,Completed,Bowl,a0654bd3,AT&T,LTE,,Bowl
2025-11-22 17:22:22.516000-05:00,41.698986,-86.234368,QualiPoc_361786,AT&T,LTE,2.919,3.098,2025-11-22 17:22:18.573,,Successful,Successful,Enabled,Send Picture,998898.0,WhatsApp Send,Completed,Bowl,a0654bd3,AT&T,LTE,,Bowl
2025-11-22 17:23:14.582000-05:00,41.698359,-86.233365,QualiPoc_619529,T-Mobile,5G NR,0.322,0.449,2025-11-22 17:23:13.823,,Successful,Successful,Enabled,Send Text,,WhatsApp Send,Completed,Bowl,64957d65,T-Mobile,NR,,Bowl
2025-11-22 17:23:38.881000-05:00,41.698369,-86.233362,QualiPoc_619529,T-Mobile,5G NR,17.081,17.265,2025-11-22 17:23:21.135,,Successful,Successful,Enabled,Send Picture,998999.0,WhatsApp Send,Completed,Bowl,64957d65,T-Mobile,NR,,Bowl
2025-11-22 17:24:27.173000-05:00,41.698969,-86.234346,QualiPoc_361786,AT&T,LTE,0.794,1.057,2025-11-22 17:24:25.460,,Successful,Successful,Enabled,Send Text,,WhatsApp Send,Completed,Bowl,a0654bd3,Wi-Fi 6,LTE,6295.0,Bowl
2025-11-22 17:24:42.461000-05:00,41.698987,-86.234345,QualiPoc_361786,AT&T,LTE,6.976,7.13,2025-11-22 17:24:34.581,,Successful,Successful,Enabled,Send Picture,998817.0,WhatsApp Send,Completed,Bowl,a0654bd3,Wi-Fi 6,LTE,6295.0,Bowl
2025-11-22 17:26:35.564000-05:00,41.698364,-86.233362,QualiPoc_619529,T-Mobile,5G NR,0.484,0.488,2025-11-22 17:26:34.763,,Successful,Successful,Enabled,Send Text,,WhatsApp Send,Completed,Bowl,64957d65,Wi-Fi 6,NR,6375.0,Bowl
2025-11-22 17:26:52.148000-05:00,41.698359,-86.23336,QualiPoc_619529,T-Mobile,5G NR,9.291,9.491,2025-11-22 17:26:42.162,,Successful,Successful,Enabled,Send Picture,999262.0,WhatsApp Send,Completed,Bowl,64957d65,Wi-Fi 6,NR,6375.0,Bowl
2025-11-22 17:28:29.903000-05:00,41.697947,-86.233353,QualiPoc_396840,Verizon,LTE,0.822,0.875,2025-11-22 17:28:28.364,,Successful,Successful,Enabled,Send Text,,WhatsApp Send,Completed,Bowl,7c36e7df,Wi-Fi 6,LTE,6615.0,Bowl
2025-11-22 17:28:34.465000-05:00,41.699154,-86.234544,QualiPoc_361786,AT&T,LTE,0.526,0.65,2025-11-22 17:28:32.985,,Successful,Successful,Enabled,Send Text,,WhatsApp Send,Completed,Bowl,a0654bd3,AT&T,LTE,,Bowl
2025-11-22 17:28:39.998000-05:00,41.69796,-86.23335,QualiPoc_396840,Verizon,LTE,1.747,2.0,2025-11-22 17:28:37.267,,Successful,Successful,Enabled,Send Picture,999078.0,WhatsApp Send,Completed,Bowl,7c36e7df,Wi-Fi 6,LTE,6615.0,Bowl
2025-11-22 17:28:44.575000-05:00,41.699145,-86.234527,QualiPoc_361786,AT&T,LTE,1.824,2.003,2025-11-22 17:28:41.819,,Successful,Successful,Enabled,Send Picture,999051.0,WhatsApp Send,Completed,Bowl,a0654bd3,AT&T,LTE,,Bowl
2025-11-22 17:29:01.812000-05:00,41.698348,-86.233213,QualiPoc_619529,T-Mobile,5G NR,0.363,0.468,2025-11-22 17:29:01.070,,Successful,Successful,Enabled,Send Text,,WhatsApp Send,Completed,Bowl,64957d65,T-Mobile,NR,,Bowl
2025-11-22 17:29:12.186000-05:00,41.698349,-86.233214,QualiPoc_619529,T-Mobile,5G NR,2.918,3.213,2025-11-22 17:29:08.633,,Successful,Successful,Enabled,Send Picture,998710.0,WhatsApp Send,Completed,Bowl,64957d65,T-Mobile,NR,,Bowl
2025-11-22 17:30:41.980000-05:00,41.698337,-86.233214,QualiPoc_619529,T-Mobile,5G NR,0.237,0.36,2025-11-22 17:30:41.300,,Successful,Successful,Enabled,Send Text,,WhatsApp Send,Completed,Bowl,64957d65,Wi-Fi 6,NR,6695.0,Bowl
2025-11-22 17:30:50.917000-05:00,41.698338,-86.233213,QualiPoc_619529,T-Mobile,5G NR,1.838,1.977,2025-11-22 17:30:48.667,,Successful,Successful,Enabled,Send Picture,999137.0,WhatsApp Send,Completed,Bowl,64957d65,Wi-Fi 6,NR,6695.0,Bowl
2025-11-22 17:31:05.402000-05:00,41.699139,-86.234556,QualiPoc_361786,AT&T,LTE,0.641,0.909,2025-11-22 17:31:03.757,,Successful,Successful,Enabled,Send Text,,WhatsApp Send,Completed,Bowl,a0654bd3,Wi-Fi 6,LTE,6295.0,Bowl
2025-11-22 17:31:15.113000-05:00,41.699135,-86.234558,QualiPoc_361786,AT&T,LTE,1.228,1.518,2025-11-22 17:31:12.950,,Successful,Successful,Enabled,Send Picture,998795.0,WhatsApp Send,Completed,Bowl,a0654bd3,Wi-Fi 6,LTE,6295.0,Bowl
2025-11-22 17:32:29.600000-05:00,41.697972,-86.233352,QualiPoc_396840,Verizon,LTE,0.314,0.393,2025-11-22 17:32:28.331,,Successful,Successful,Enabled,Send Text,,WhatsApp Send,Completed,Bowl,7c36e7df,Verizon,NR-NSA,,Bowl
2025-11-22 17:32:43.140000-05:00,41.697978,-86.233348,QualiPoc_396840,Verizon,LTE,5.26,5.436,2025-11-22 17:32:37.120,,Successful,Successful,Enabled,Send Picture,999022.0,WhatsApp Send,Completed,Bowl,7c36e7df,Verizon,NR-NSA,,Bowl
2025-11-22 17:34:57.771000-05:00,41.697952,-86.23309,QualiPoc_396840,Verizon,LTE,1.443,1.553,2025-11-22 17:34:55.426,,Successful,Successful,Enabled,Send Text,,WhatsApp Send,Completed,Bowl,7c36e7df,Verizon,NR-NSA,,Bowl
2025-11-22 17:35:33.775000-05:00,41.697962,-86.233087,QualiPoc_396840,Verizon,LTE,,,2025-11-22 17:35:05.046,,Failed,Failed,Enabled,Send Picture,999182.0,WhatsApp Send,Failed,Bowl,7c36e7df,Verizon,NR-NSA,,Bowl
2025-11-22 17:36:11.960000-05:00,41.698938,-86.233362,QualiPoc_619529,T-Mobile,5G NR,0.373,0.48,2025-11-22 17:36:11.178,,Successful,Successful,Enabled,Send Text,,WhatsApp Send,Completed,Bowl,64957d65,T-Mobile,NR,,Bowl
2025-11-22 17:36:20.150000-05:00,41.698945,-86.233357,QualiPoc_619529,T-Mobile,5G NR,1.156,1.16,2025-11-22 17:36:18.692,,Successful,Successful,Enabled,Send Picture,999386.0,WhatsApp Send,Completed,Bowl,64957d65,T-Mobile,NR,,Bowl
2025-11-22 17:37:01.905000-05:00,41.697973,-86.233096,QualiPoc_396840,Verizon,LTE,0.463,0.468,2025-11-22 17:37:00.680,,Successful,Successful,Enabled,Send Text,,WhatsApp Send,Completed,Bowl,7c36e7df,Wi-Fi 6,LTE,6695.0,Bowl
2025-11-22 17:37:12.060000-05:00,41.697968,-86.2331,QualiPoc_396840,Verizon,LTE,1.904,2.008,2025-11-22 17:37:09.261,,Successful,Successful,Enabled,Send Picture,999047.0,WhatsApp Send,Completed,Bowl,7c36e7df,Wi-Fi 6,LTE,6695.0,Bowl
2025-11-22 17:38:01.471000-05:00,41.698944,-86.233369,QualiPoc_619529,T-Mobile,5G NR,0.301,0.42,2025-11-22 17:38:00.745,,Successful,Successful,Enabled,Send Text,,WhatsApp Send,Completed,Bowl,64957d65,Wi-Fi 6,NR,6135.0,Bowl
2025-11-22 17:38:09.989000-05:00,41.698944,-86.233371,QualiPoc_619529,T-Mobile,5G NR,1.429,1.475,2025-11-22 17:38:08.171,,Successful,Successful,Enabled,Send Picture,998856.0,WhatsApp Send,Completed,Bowl,64957d65,Wi-Fi 6,NR,6135.0,Bowl
2025-11-22 17:38:39.545000-05:00,41.698478,-86.234436,QualiPoc_361786,AT&T,LTE,1.16,1.312,2025-11-22 17:38:37.573,,Successful,Successful,Enabled,Send Text,,WhatsApp Send,Completed,Bowl,a0654bd3,AT&T,LTE,,Bowl
2025-11-22 17:38:55.839000-05:00,41.698481,-86.234443,QualiPoc_361786,AT&T,LTE,8.104,8.121,2025-11-22 17:38:47.003,,Successful,Successful,Enabled,Send Picture,998903.0,WhatsApp Send,Completed,Bowl,a0654bd3,AT&T,NR-NSA,,Bowl
2025-11-22 17:40:10.697000-05:00,41.699002,-86.233212,QualiPoc_619529,T-Mobile,5G NR,12.609,12.751,2025-11-22 17:39:57.544,,Successful,Successful,Enabled,Send Text,,WhatsApp Send,Completed,Bowl,64957d65,T-Mobile,LTE,,Bowl
2025-11-22 17:40:19.802000-05:00,41.699002,-86.233211,QualiPoc_619529,T-Mobile,5G NR,2.293,2.3,2025-11-22 17:40:17.198,,Successful,Successful,Enabled,Send Picture,998878.0,WhatsApp Send,Completed,Bowl,64957d65,T-Mobile,NR,,Bowl
2025-11-22 17:41:04.591000-05:00,41.698462,-86.234466,QualiPoc_361786,AT&T,LTE,0.545,0.721,2025-11-22 17:41:03.023,,Successful,Successful,Enabled,Send Text,,WhatsApp Send,Completed,Bowl,a0654bd3,Wi-Fi 6,LTE,6215.0,Bowl
2025-11-22 17:41:14.581000-05:00,41.698463,-86.234463,QualiPoc_361786,AT&T,LTE,1.91,1.956,2025-11-22 17:41:12.024,,Successful,Successful,Enabled,Send Picture,999160.0,WhatsApp Send,Completed,Bowl,a0654bd3,Wi-Fi 6,LTE,6215.0,Bowl
2025-11-22 17:41:39.316000-05:00,41.69837,-86.233274,QualiPoc_396840,Verizon,LTE,0.446,0.453,2025-11-22 17:41:38.096,,Successful,Successful,Enabled,Send Text,,WhatsApp Send,Completed,Bowl,7c36e7df,Wi-Fi 6,LTE,6055.0,Bowl
2025-11-22 17:41:54.073000-05:00,41.698372,-86.233267,QualiPoc_396840,Verizon,LTE,6.502,6.51,2025-11-22 17:41:46.754,,Successful,Successful,Enabled,Send Picture,999355.0,WhatsApp Send,Completed,Bowl,7c36e7df,Wi-Fi 6,LTE,6055.0,Bowl
2025-11-22 17:44:15.488000-05:00,41.698369,-86.23326,QualiPoc_396840,T-Mobile,LTE,,,2025-11-22 17:43:45.976,,Failed,Failed,Enabled,Send Text,,WhatsApp Send,Failed,Bowl,7c36e7df,T-Mobile,LTE,,Bowl
2025-11-22 17:44:23.008000-05:00,41.698459,-86.234707,QualiPoc_361786,AT&T,LTE,0.512,0.525,2025-11-22 17:44:21.738,,Successful,Successful,Enabled,Send Text,,WhatsApp Send,Completed,Bowl,a0654bd3,AT&T,NR-NSA,,Bowl
2025-11-22 17:44:32.956000-05:00,41.698454,-86.234693,QualiPoc_361786,AT&T,LTE,1.851,2.067,2025-11-22 17:44:30.100,,Successful,Successful,Enabled,Send Picture,999259.0,WhatsApp Send,Completed,Bowl,a0654bd3,AT&T,NR-NSA,,Bowl
2025-11-22 17:44:51.369000-05:00,41.698368,-86.233261,QualiPoc_396840,T-Mobile,5G NR,,,2025-11-22 17:44:22.621,,Failed,Failed,Enabled,Send Picture,999293.0,WhatsApp Send,Failed,Bowl,7c36e7df,T-Mobile,LTE,,Bowl
2025-11-22 17:46:16.469000-05:00,41.699008,-86.233204,QualiPoc_619529,T-Mobile,5G NR,,,2025-11-22 17:45:46.869,,Failed,Failed,Enabled,Send Text,,WhatsApp Send,Failed,Bowl,64957d65,Wi-Fi 6,NR,6375.0,Bowl
2025-11-22 17:46:42.401000-05:00,41.698479,-86.234693,QualiPoc_361786,AT&T,LTE,0.705,0.91,2025-11-22 17:46:40.780,,Successful,Successful,Enabled,Send Text,,WhatsApp Send,Completed,Bowl,a0654bd3,Wi-Fi 6,LTE,6775.0,Bowl
2025-11-22 17:46:44.191000-05:00,41.699009,-86.233206,QualiPoc_619529,T-Mobile,5G NR,20.729,20.767,2025-11-22 17:46:23.007,,Successful,Successful,Enabled,Send Picture,998883.0,WhatsApp Send,Completed,Bowl,64957d65,Wi-Fi 6,NR,6375.0,Bowl
2025-11-22 17:46:53.101000-05:00,41.698475,-86.234688,QualiPoc_361786,AT&T,LTE,2.398,2.529,2025-11-22 17:46:49.864,,Successful,Successful,Enabled,Send Picture,998961.0,WhatsApp Send,Completed,Bowl,a0654bd3,Wi-Fi 6,LTE,6775.0,Bowl
2025-11-22 17:48:04.159000-05:00,41.69833,-86.233162,QualiPoc_396840,Verizon,LTE,2.388,2.49,2025-11-22 17:48:00.652,,Successful,Successful,Enabled,Send Text,,WhatsApp Send,Completed,Bowl,7c36e7df,Verizon,NR-NSA,,Bowl
2025-11-22 17:48:40.251000-05:00,41.698332,-86.233165,QualiPoc_396840,Verizon,LTE,,,2025-11-22 17:48:11.346,,Failed,Failed,Enabled,Send Picture,999388.0,WhatsApp Send,Failed,Bowl,7c36e7df,Verizon,NR-NSA,,Bowl
2025-11-22 17:51:00.450000-05:00,41.698321,-86.233178,QualiPoc_396840,Verizon,LTE,1.557,1.568,2025-11-22 17:50:58.081,,Successful,Successful,Enabled,Send Text,,WhatsApp Send,Completed,Bowl,7c36e7df,Wi-Fi 6,LTE,6215.0,Bowl
2025-11-22 17:51:11.337000-05:00,41.698322,-86.233179,QualiPoc_396840,Verizon,LTE,2.533,2.578,2025-11-22 17:51:07.936,,Successful,Successful,Enabled,Send Picture,999088.0,WhatsApp Send,Completed,Bowl,7c36e7df,Wi-Fi 6,LTE,6215.0,Bowl
2025-11-22 17:54:51.854000-05:00,41.698967,-86.233422,QualiPoc_396840,AT&T,LTE,0.643,0.771,2025-11-22 17:54:50.270,,Successful,Successful,Enabled,Send Text,,WhatsApp Send,Completed,Bowl,7c36e7df,Wi-Fi 6,Wi-Fi,6215.0,Bowl
2025-11-22 17:55:02.821000-05:00,41.698959,-86.233424,QualiPoc_396840,Verizon,LTE,2.749,2.767,2025-11-22 17:54:59.221,,Successful,Successful,Enabled,Send Picture,999013.0,WhatsApp Send,Completed,Bowl,7c36e7df,Wi-Fi 6,Wi-Fi,6215.0,Bowl
2025-11-22 17:56:15.353000-05:00,41.698333,-86.233391,QualiPoc_361786,AT&T,LTE,0.824,0.966,2025-11-22 17:56:13.852,,Successful,Successful,Enabled,Send Text,,WhatsApp Send,Completed,Bowl,a0654bd3,AT&T,LTE,,Bowl
2025-11-22 17:56:26.578000-05:00,41.698332,-86.233391,QualiPoc_361786,AT&T,LTE,2.856,3.09,2025-11-22 17:56:22.683,,Successful,Successful,Enabled,Send Picture,998931.0,WhatsApp Send,Completed,Bowl,a0654bd3,AT&T,LTE,,Bowl
2025-11-22 17:58:10.828000-05:00,41.698933,-86.233341,QualiPoc_396840,Verizon,LTE,0.315,0.419,2025-11-22 17:58:09.622,,Successful,Successful,Enabled,Send Text,,WhatsApp Send,Completed,Bowl,7c36e7df,Verizon,LTE,,Bowl
2025-11-22 17:58:21.469000-05:00,41.698929,-86.233338,QualiPoc_396840,Verizon,LTE,2.55,2.674,2025-11-22 17:58:18.044,,Successful,Successful,Enabled,Send Picture,999088.0,WhatsApp Send,Completed,Bowl,7c36e7df,Verizon,LTE,,Bowl
2025-11-22 17:58:31.167000-05:00,41.698327,-86.233401,QualiPoc_361786,AT&T,LTE,0.656,0.941,2025-11-22 17:58:29.656,,Successful,Successful,Enabled,Send Text,,WhatsApp Send,Completed,Bowl,a0654bd3,Wi-Fi 6,LTE,6055.0,Bowl
2025-11-22 17:58:42.445000-05:00,41.698326,-86.233402,QualiPoc_361786,AT&T,LTE,2.761,3.109,2025-11-22 17:58:38.660,,Successful,Successful,Enabled,Send Picture,999337.0,WhatsApp Send,Completed,Bowl,a0654bd3,Wi-Fi 6,LTE,6055.0,Bowl
2025-11-22 18:00:25.454000-05:00,41.698948,-86.233358,QualiPoc_396840,Verizon,LTE,0.498,0.654,2025-11-22 18:00:23.999,,Successful,Successful,Enabled,Send Text,,WhatsApp Send,Completed,Bowl,7c36e7df,Wi-Fi 6,LTE,6135.0,Bowl
2025-11-22 18:00:36.161000-05:00,41.698956,-86.233355,QualiPoc_396840,Verizon,LTE,2.424,2.433,2025-11-22 18:00:32.863,,Successful,Successful,Enabled,Send Picture,999109.0,WhatsApp Send,Completed,Bowl,7c36e7df,Wi-Fi 6,LTE,6135.0,Bowl
2025-11-22 18:01:56.951000-05:00,41.698339,-86.233032,QualiPoc_361786,AT&T,LTE,7.739,7.743,2025-11-22 18:01:48.502,,Successful,Successful,Enabled,Send Text,,WhatsApp Send,Completed,Bowl,a0654bd3,AT&T,NR-NSA,,Bowl
2025-11-22 18:02:32.942000-05:00,41.698339,-86.233033,QualiPoc_361786,AT&T,LTE,,,2025-11-22 18:02:04.210,,Failed,Failed,Enabled,Send Picture,999235.0,WhatsApp Send,Failed,Bowl,a0654bd3,AT&T,NR-NSA,,Bowl
2025-11-22 18:02:52.457000-05:00,41.699001,-86.233179,QualiPoc_396840,Verizon,LTE,0.374,0.555,2025-11-22 18:02:51.199,,Successful,Successful,Enabled,Send Text,,WhatsApp Send,Completed,Bowl,7c36e7df,Wi-Fi 6,LTE,6135.0,Bowl
2025-11-22 18:03:02.502000-05:00,41.699001,-86.233172,QualiPoc_396840,Verizon,LTE,2.197,2.242,2025-11-22 18:02:59.571,,Successful,Successful,Enabled,Send Picture,999073.0,WhatsApp Send,Completed,Bowl,7c36e7df,Wi-Fi 6,LTE,6135.0,Bowl
2025-11-22 18:04:35.706000-05:00,41.698323,-86.233077,QualiPoc_361786,AT&T,LTE,1.03,1.285,2025-11-22 18:04:33.800,,Successful,Successful,Enabled,Send Text,,WhatsApp Send,Completed,Bowl,a0654bd3,Wi-Fi 6,LTE,6375.0,Bowl
2025-11-22 18:04:45.940000-05:00,41.698315,-86.233064,QualiPoc_361786,AT&T,LTE,1.72,1.934,2025-11-22 18:04:43.245,,Successful,Successful,Enabled,Send Picture,999094.0,WhatsApp Send,Completed,Bowl,a0654bd3,Wi-Fi 6,LTE,6375.0,Bowl
2025-11-22 18:05:55.748000-05:00,41.698991,-86.233172,QualiPoc_396840,Verizon,LTE,20.003,20.01,2025-11-22 18:05:35.122,,Successful,Successful,Enabled,Send Text,,WhatsApp Send,Completed,Bowl,7c36e7df,Verizon,LTE,,Bowl
2025-11-22 18:06:06.816000-05:00,41.698989,-86.233164,QualiPoc_396840,Verizon,LTE,3.07,3.076,2025-11-22 18:06:03.151,,Successful,Successful,Enabled,Send Picture,999453.0,WhatsApp Send,Completed,Bowl,7c36e7df,Verizon,LTE,,Bowl
2025-11-22 18:08:46.876000-05:00,41.698873,-86.233095,QualiPoc_361786,AT&T,LTE,0.922,1.075,2025-11-22 18:08:45.029,,Successful,Successful,Enabled,Send Text,,WhatsApp Send,Completed,Concourse,a0654bd3,AT&T,NR-NSA,,Concourse
2025-11-22 18:08:57.373000-05:00,41.698872,-86.233096,QualiPoc_361786,AT&T,LTE,2.309,2.415,2025-11-22 18:08:54.239,,Successful,Successful,Enabled,Send Picture,999188.0,WhatsApp Send,Completed,Concourse,a0654bd3,AT&T,NR-NSA,,Concourse
2025-11-22 18:10:49.778000-05:00,41.698896,-86.233105,QualiPoc_361786,AT&T,LTE,0.572,0.719,2025-11-22 18:10:48.176,,Successful,Successful,Enabled,Send Text,,WhatsApp Send,Completed,Concourse,a0654bd3,Wi-Fi 6,LTE,6055.0,Concourse
2025-11-22 18:10:59.311000-05:00,41.698897,-86.2331,QualiPoc_361786,AT&T,LTE,1.311,1.55,2025-11-22 18:10:57.164,,Successful,Successful,Enabled,Send Picture,998950.0,WhatsApp Send,Completed,Concourse,a0654bd3,Wi-Fi 6,LTE,6055.0,Concourse
2025-11-22 18:13:47.622000-05:00,41.697921,-86.233101,QualiPoc_361786,AT&T,LTE,0.495,0.689,2025-11-22 18:13:46.250,,Successful,Successful,Enabled,Send Text,,WhatsApp Send,Completed,Concourse,a0654bd3,AT&T,NR-NSA,,Concourse
2025-11-22 18:13:58.087000-05:00,41.697921,-86.233102,QualiPoc_361786,AT&T,LTE,1.929,2.079,2025-11-22 18:13:55.313,,Successful,Successful,Enabled,Send Picture,999186.0,WhatsApp Send,Completed,Concourse,a0654bd3,AT&T,NR-NSA,,Concourse
2025-11-22 18:15:41.423000-05:00,41.69791,-86.233034,QualiPoc_361786,AT&T,LTE,0.654,0.813,2025-11-22 18:15:39.939,,Successful,Successful,Enabled,Send Text,,WhatsApp Send,Completed,Concourse,a0654bd3,Wi-Fi 6,LTE,6375.0,Concourse
2025-11-22 18:15:50.988000-05:00,41.697905,-86.233031,QualiPoc_361786,AT&T,LTE,1.418,1.464,2025-11-22 18:15:48.866,,Successful,Successful,Enabled,Send Picture,998943.0,WhatsApp Send,Completed,Concourse,a0654bd3,Wi-Fi 6,LTE,6375.0,Concourse
2025-11-22 18:19:31.305000-05:00,41.69783,-86.234825,QualiPoc_361786,AT&T,LTE,0.655,0.836,2025-11-22 18:19:29.721,,Successful,Successful,Enabled,Send Text,,WhatsApp Send,Completed,Concourse,a0654bd3,AT&T,NR-NSA,,Concourse
2025-11-22 18:19:41.981000-05:00,41.69783,-86.234824,QualiPoc_361786,AT&T,LTE,2.198,2.457,2025-11-22 18:19:38.984,,Successful,Successful,Enabled,Send Picture,998902.0,WhatsApp Send,Completed,Concourse,a0654bd3,AT&T,NR-NSA,,Concourse
2025-11-22 18:21:20.257000-05:00,41.697873,-86.234853,QualiPoc_361786,AT&T,LTE,0.495,0.596,2025-11-22 18:21:18.941,,Successful,Successful,Enabled,Send Text,,WhatsApp Send,Completed,Concourse,a0654bd3,Wi-Fi 6,LTE,5975.0,Concourse
2025-11-22 18:21:29.678000-05:00,41.697873,-86.234853,QualiPoc_361786,AT&T,LTE,1.353,1.357,2025-11-22 18:21:27.587,,Successful,Successful,Enabled,Send Picture,999317.0,WhatsApp Send,Completed,Concourse,a0654bd3,Wi-Fi 6,LTE,5975.0,Concourse
2025-11-22 18:25:05.364000-05:00,41.698941,-86.234858,QualiPoc_361786,AT&T,LTE,0.474,0.7,2025-11-22 18:25:03.971,,Successful,Successful,Enabled,Send Text,,WhatsApp Send,Completed,Concourse,a0654bd3,AT&T,NR-NSA,,Concourse
2025-11-22 18:25:16.421000-05:00,41.69894,-86.234854,QualiPoc_361786,AT&T,LTE,2.512,2.68,2025-11-22 18:25:12.963,,Successful,Successful,Enabled,Send Picture,999016.0,WhatsApp Send,Completed,Concourse,a0654bd3,AT&T,NR-NSA,,Concourse
2025-11-22 18:26:58.551000-05:00,41.69894,-86.23483,QualiPoc_361786,AT&T,LTE,0.638,0.704,2025-11-22 18:26:57.166,,Successful,Successful,Enabled,Send Text,,WhatsApp Send,Completed,Concourse,a0654bd3,Wi-Fi 6,LTE,6695.0,Concourse
2025-11-22 18:27:08.858000-05:00,41.698941,-86.234827,QualiPoc_361786,AT&T,LTE,2.213,2.465,2025-11-22 18:27:05.723,,Successful,Successful,Enabled,Send Picture,999182.0,WhatsApp Send,Completed,Concourse,a0654bd3,Wi-Fi 6,LTE,6695.0,Concourse
2025-11-22 18:32:23.078000-05:00,41.698657,-86.233095,QualiPoc_619529,T-Mobile,LTE,0.204,0.353,2025-11-22 18:32:22.419,,Successful,Successful,Enabled,Send Text,,WhatsApp Send,Completed,Concourse,64957d65,Wi-Fi 6,LTE,6055.0,Concourse
2025-11-22 18:32:31.166000-05:00,41.69866,-86.233086,QualiPoc_619529,T-Mobile,LTE,0.806,0.932,2025-11-22 18:32:29.901,,Successful,Successful,Enabled,Send Picture,999396.0,WhatsApp Send,Completed,Concourse,64957d65,Wi-Fi 6,LTE,6055.0,Concourse
2025-11-22 18:33:37.559000-05:00,41.698664,-86.233073,QualiPoc_619529,T-Mobile,5G NR,0.337,0.465,2025-11-22 18:33:36.734,,Successful,Successful,Enabled,Send Text,,WhatsApp Send,Completed,Concourse,64957d65,T-Mobile,NR,,Concourse
2025-11-22 18:33:45.826000-05:00,41.698662,-86.233075,QualiPoc_619529,T-Mobile,5G NR,1.207,1.228,2025-11-22 18:33:44.281,,Successful,Successful,Enabled,Send Picture,999072.0,WhatsApp Send,Completed,Concourse,64957d65,T-Mobile,NR,,Concourse
2025-11-22 18:35:35.287000-05:00,41.698913,-86.23304,QualiPoc_619529,T-Mobile,5G NR,0.277,0.457,2025-11-22 18:35:34.522,,Successful,Successful,Enabled,Send Text,,WhatsApp Send,Completed,Concourse,64957d65,T-Mobile,NR,,Concourse
2025-11-22 18:35:43.938000-05:00,41.698915,-86.233039,QualiPoc_619529,T-Mobile,5G NR,1.644,1.779,2025-11-22 18:35:41.821,,Successful,Successful,Enabled,Send Picture,999349.0,WhatsApp Send,Completed,Concourse,64957d65,T-Mobile,NR,,Concourse
2025-11-22 18:37:08.952000-05:00,41.698927,-86.233033,QualiPoc_619529,T-Mobile,5G NR,0.215,0.326,2025-11-22 18:37:08.306,,Successful,Successful,Enabled,Send Text,,WhatsApp Send,Completed,Concourse,64957d65,Wi-Fi 6,NR,5975.0,Concourse
2025-11-22 18:37:16.976000-05:00,41.698927,-86.233032,QualiPoc_619529,T-Mobile,5G NR,0.836,1.068,2025-11-22 18:37:15.594,,Successful,Successful,Enabled,Send Picture,999242.0,WhatsApp Send,Completed,Concourse,64957d65,Wi-Fi 6,NR,5975.0,Concourse
2025-11-22 18:39:34.849000-05:00,41.698171,-86.233052,QualiPoc_619529,T-Mobile,5G NR,0.337,0.556,2025-11-22 18:39:33.942,,Successful,Successful,Enabled,Send Text,,WhatsApp Send,Completed,Concourse,64957d65,T-Mobile,NR,,Concourse
2025-11-22 18:39:43.621000-05:00,41.698172,-86.233052,QualiPoc_619529,T-Mobile,5G NR,1.579,1.647,2025-11-22 18:39:41.574,,Successful,Successful,Enabled,Send Picture,999183.0,WhatsApp Send,Completed,Concourse,64957d65,T-Mobile,NR,,Concourse
2025-11-22 18:41:05.751000-05:00,41.698182,-86.233046,QualiPoc_619529,T-Mobile,5G NR,0.196,0.342,2025-11-22 18:41:05.088,,Successful,Successful,Enabled,Send Text,,WhatsApp Send,Completed,Concourse,64957d65,Wi-Fi 6,NR,5975.0,Concourse
2025-11-22 18:41:13.869000-05:00,41.698183,-86.233046,QualiPoc_619529,T-Mobile,5G NR,1.04,1.196,2025-11-22 18:41:12.338,,Successful,Successful,Enabled,Send Picture,998880.0,WhatsApp Send,Completed,Concourse,64957d65,Wi-Fi 6,NR,5975.0,Concourse
2025-11-22 18:43:06.358000-05:00,41.697864,-86.233066,QualiPoc_619529,T-Mobile,5G NR,0.3,1.739,2025-11-22 18:43:04.256,,Successful,Successful,Enabled,Send Text,,WhatsApp Send,Completed,Concourse,64957d65,T-Mobile,NR,,Concourse
2025-11-22 18:43:14.875000-05:00,41.697864,-86.233065,QualiPoc_619529,T-Mobile,5G NR,1.167,1.639,2025-11-22 18:43:12.900,,Successful,Successful,Enabled,Send Picture,999257.0,WhatsApp Send,Completed,Concourse,64957d65,T-Mobile,NR,,Concourse
2025-11-22 18:44:42.684000-05:00,41.697854,-86.233065,QualiPoc_619529,T-Mobile,5G NR,0.316,0.554,2025-11-22 18:44:41.833,,Successful,Successful,Enabled,Send Text,,WhatsApp Send,Completed,Concourse,64957d65,Wi-Fi 6,NR,6375.0,Concourse
2025-11-22 18:44:50.737000-05:00,41.697851,-86.233064,QualiPoc_619529,T-Mobile,5G NR,1.101,1.135,2025-11-22 18:44:49.258,,Successful,Successful,Enabled,Send Picture,999128.0,WhatsApp Send,Completed,Concourse,64957d65,Wi-Fi 6,NR,6375.0,Concourse
2025-11-22 18:46:52.128000-05:00,41.697563,-86.233294,QualiPoc_619529,T-Mobile,5G NR,0.291,0.446,2025-11-22 18:46:51.370,,Successful,Successful,Enabled,Send Text,,WhatsApp Send,Completed,Concourse,64957d65,T-Mobile,NR,,Concourse
2025-11-22 18:47:00.202000-05:00,41.697555,-86.233297,QualiPoc_619529,T-Mobile,5G NR,1.148,1.245,2025-11-22 18:46:58.638,,Successful,Successful,Enabled,Send Picture,999211.0,WhatsApp Send,Completed,Concourse,64957d65,T-Mobile,NR,,Concourse
2025-11-22 18:49:07.041000-05:00,41.697514,-86.233295,QualiPoc_619529,T-Mobile,5G NR,7.305,7.418,2025-11-22 18:48:59.298,,Successful,Successful,Enabled,Send Text,,WhatsApp Send,Completed,Concourse,64957d65,T-Mobile,NR,,Concourse
2025-11-22 18:49:15.815000-05:00,41.697506,-86.233298,QualiPoc_619529,T-Mobile,5G NR,1.9,1.904,2025-11-22 18:49:13.595,,Successful,Successful,Enabled,Send Picture,999000.0,WhatsApp Send,Completed,Concourse,64957d65,Wi-Fi 6,NR,6055.0,Concourse
2025-11-22 18:51:30.101000-05:00,41.697458,-86.23425,QualiPoc_619529,T-Mobile,5G NR,0.286,0.534,2025-11-22 18:51:29.258,,Successful,Successful,Enabled,Send Text,,WhatsApp Send,Completed,Concourse,64957d65,T-Mobile,NR,,Concourse
2025-11-22 18:51:38.484000-05:00,41.697467,-86.234234,QualiPoc_619529,T-Mobile,5G NR,1.429,1.55,2025-11-22 18:51:36.627,,Successful,Successful,Enabled,Send Picture,998993.0,WhatsApp Send,Completed,Concourse,64957d65,T-Mobile,NR,,Concourse
2025-11-22 18:53:23.329000-05:00,41.697518,-86.234214,QualiPoc_619529,T-Mobile,5G NR,0.235,0.376,2025-11-22 18:53:22.620,,Successful,Successful,Enabled,Send Text,,WhatsApp Send,Completed,Concourse,64957d65,Wi-Fi 6,NR,6695.0,Concourse
2025-11-22 18:53:32.064000-05:00,41.69752,-86.234216,QualiPoc_619529,T-Mobile,5G NR,1.528,1.698,2025-11-22 18:53:30.019,,Successful,Successful,Enabled,Send Picture,999225.0,WhatsApp Send,Completed,Concourse,64957d65,Wi-Fi 6,NR,6695.0,Concourse
2025-11-22 18:58:43.541000-05:00,41.697648,-86.234658,QualiPoc_619529,T-Mobile,5G NR,0.276,0.337,2025-11-22 18:58:42.923,,Successful,Successful,Enabled,Send Text,,WhatsApp Send,Completed,Concourse,64957d65,Wi-Fi 5,NR,5260.0,Concourse
2025-11-22 18:58:51.479000-05:00,41.697645,-86.234639,QualiPoc_619529,T-Mobile,5G NR,0.949,1.067,2025-11-22 18:58:50.137,,Successful,Successful,Enabled,Send Picture,998995.0,WhatsApp Send,Completed,Concourse,64957d65,Wi-Fi 5,NR,5260.0,Concourse
2025-11-22 19:00:05.764000-05:00,41.697606,-86.234603,QualiPoc_619529,T-Mobile,5G NR,0.313,0.526,2025-11-22 19:00:04.913,,Successful,Successful,Enabled,Send Text,,WhatsApp Send,Completed,Concourse,64957d65,T-Mobile,NR,,Concourse
2025-11-22 19:00:14.252000-05:00,41.697607,-86.2346,QualiPoc_619529,T-Mobile,5G NR,1.146,1.409,2025-11-22 19:00:12.541,,Successful,Successful,Enabled,Send Picture,999189.0,WhatsApp Send,Completed,Concourse,64957d65,T-Mobile,NR,,Concourse
